Landscape;Category;Transect_type;Species;Indiv
1037;PL.LRD;Between fields;Aglais urticae;4
1037;PL.LRD;Between fields;Aphantopus hyperantus;2
1037;PL.LRD;Between fields;Argynnis paphia;2
1037;PL.LRD;Between fields;Coenonympha arcania;3
1037;PL.LRD;Between fields;Inachis io;3
1037;PL.LRD;Between fields;Maniola jurtina;1
1037;PL.LRD;Between fields;Vanessa atalanta;2
1037;PL.LRD;Big road;Aphantopus hyperantus;8
1037;PL.LRD;Big road;Coenonympha arcania;2
1037;PL.LRD;Big road;Gonepteryx rhamni;1
1037;PL.LRD;Big road;Pieris napi;4
1037;PL.LRD;Big road;Polyommatus amandus;1
1037;PL.LRD;Pasture;Anthocharis cardamines;1
1037;PL.LRD;Pasture;Aphantopus hyperantus;13
1037;PL.LRD;Pasture;Argynnis aglaja;2
1037;PL.LRD;Pasture;Boloria selene;3
1037;PL.LRD;Pasture;Celastrina argiolus;1
1037;PL.LRD;Pasture;Coenonympha arcania;8
1037;PL.LRD;Pasture;Coenonympha pamphilus;3
1037;PL.LRD;Pasture;Gonepteryx rhamni;3
1037;PL.LRD;Pasture;Inachis io;2
1037;PL.LRD;Pasture;Leptidea sinapis/reali;2
1037;PL.LRD;Pasture;Melitaea athalia;3
1037;PL.LRD;Pasture;Ochlodes sylvanus;6
1037;PL.LRD;Pasture;Pieris brassicae;1
1037;PL.LRD;Pasture;Pieris napi;5
1037;PL.LRD;Pasture;Pieris rapae;3
1037;PL.LRD;Pasture;Plebejus argus;2
1037;PL.LRD;Pasture;Plebejus idas;2
1037;PL.LRD;Pasture;Polyommatus amandus;2
1037;PL.LRD;Pasture;Polyommatus icarus;3
1037;PL.LRD;Pasture;Polyommatus semiargus;1
1037;PL.LRD;Pasture;Thymelicus lineola;1
1037;PL.LRD;Pasture;Zygaena lonicerae;2
1037;PL.LRD;Pasture;Zygaena viciae;2
1037;PL.LRD;Powerline;Aphantopus hyperantus;3
1037;PL.LRD;Powerline;Argynnis aglaja;2
1037;PL.LRD;Powerline;Boloria euphrosyne;13
1037;PL.LRD;Powerline;Boloria selene;5
1037;PL.LRD;Powerline;Callophrys rubi;3
1037;PL.LRD;Powerline;Coenonympha arcania;12
1037;PL.LRD;Powerline;Coenonympha pamphilus;1
1037;PL.LRD;Powerline;Gonepteryx rhamni;1
1037;PL.LRD;Powerline;Lycaena phlaeas;2
1037;PL.LRD;Powerline;Melitaea athalia;1
1037;PL.LRD;Powerline;Ochlodes sylvanus;1
1037;PL.LRD;Powerline;Pieris brassicae;1
1037;PL.LRD;Powerline;Pieris napi;3
1037;PL.LRD;Powerline;Plebejus argus;6
1037;PL.LRD;Powerline;Thymelicus lineola;1
1037;PL.LRD;Powerline;Zygaena viciae;1
1037;PL.LRD;Small road;Aglais urticae;6
1037;PL.LRD;Small road;Aphantopus hyperantus;13
1037;PL.LRD;Small road;Coenonympha arcania;3
1037;PL.LRD;Small road;Inachis io;1
1037;PL.LRD;Small road;Melitaea athalia;1
1037;PL.LRD;Small road;Pieris napi;6
1037;PL.LRD;Small road;Plebejus idas;1
1037;PL.LRD;Small road;Polyommatus amandus;3
1037;PL.LRD;Small road;Polyommatus icarus;2
1037;PL.LRD;Small road;Thymelicus lineola;5
1037;PL.LRD;Small road;Zygaena viciae;1
1278;PL.LRD;Between fields;Aphantopus hyperantus;33
1278;PL.LRD;Between fields;Brenthis ino;2
1278;PL.LRD;Between fields;Coenonympha arcania;1
1278;PL.LRD;Between fields;Coenonympha pamphilus;1
1278;PL.LRD;Between fields;Inachis io;1
1278;PL.LRD;Between fields;Maniola jurtina;3
1278;PL.LRD;Between fields;Polyommatus amandus;8
1278;PL.LRD;Between fields;Thymelicus lineola;3
1278;PL.LRD;Between fields;Zygaena viciae;1
1278;PL.LRD;Big road;Aglais urticae;1
1278;PL.LRD;Big road;Aphantopus hyperantus;5
1278;PL.LRD;Big road;Argynnis niobe;1
1278;PL.LRD;Big road;Coenonympha arcania;2
1278;PL.LRD;Big road;Lasiommata maera;1
1278;PL.LRD;Big road;Maniola jurtina;1
1278;PL.LRD;Big road;Thymelicus lineola;1
1278;PL.LRD;Pasture;Aglais urticae;2
1278;PL.LRD;Pasture;Aphantopus hyperantus;23
1278;PL.LRD;Pasture;Argynnis aglaja;5
1278;PL.LRD;Pasture;Argynnis paphia;1
1278;PL.LRD;Pasture;Boloria selene;1
1278;PL.LRD;Pasture;Coenonympha arcania;14
1278;PL.LRD;Pasture;Coenonympha pamphilus;2
1278;PL.LRD;Pasture;Inachis io;2
1278;PL.LRD;Pasture;Lycaena phlaeas;1
1278;PL.LRD;Pasture;Maniola jurtina;2
1278;PL.LRD;Pasture;Melitaea athalia;1
1278;PL.LRD;Pasture;Ochlodes sylvanus;2
1278;PL.LRD;Pasture;Pieris brassicae;1
1278;PL.LRD;Pasture;Polyommatus amandus;3
1278;PL.LRD;Pasture;Thymelicus lineola;1
1278;PL.LRD;Powerline;Aphantopus hyperantus;14
1278;PL.LRD;Powerline;Boloria euphrosyne;1
1278;PL.LRD;Powerline;Boloria selene;1
1278;PL.LRD;Powerline;Celastrina argiolus;1
1278;PL.LRD;Powerline;Coenonympha arcania;11
1278;PL.LRD;Powerline;Melitaea athalia;2
1278;PL.LRD;Powerline;Pieris brassicae;1
1278;PL.LRD;Powerline;Pieris napi;5
1278;PL.LRD;Powerline;Plebejus argus;3
1278;PL.LRD;Powerline;Plebejus idas;1
1278;PL.LRD;Powerline;Polyommatus amandus;2
1278;PL.LRD;Powerline;Thymelicus lineola;1
1278;PL.LRD;Small road;Anthocharis cardamines;1
1278;PL.LRD;Small road;Aphantopus hyperantus;12
1278;PL.LRD;Small road;Argynnis paphia;2
1278;PL.LRD;Small road;Boloria euphrosyne;1
1278;PL.LRD;Small road;Boloria selene;1
1278;PL.LRD;Small road;Coenonympha arcania;2
1278;PL.LRD;Small road;Coenonympha pamphilus;18
1278;PL.LRD;Small road;Gonepteryx rhamni;2
1278;PL.LRD;Small road;Lasiommata maera;1
1278;PL.LRD;Small road;Lasiommata petropolitana;1
1278;PL.LRD;Small road;Pieris brassicae;2
1278;PL.LRD;Small road;Plebejus argus;1
1278;PL.LRD;Small road;Plebejus idas;2
1278;PL.LRD;Small road;Polyommatus semiargus;1
1278;PL.LRD;Small road;Thymelicus lineola;2
1278;PL.LRD;Small road;Zygaena viciae;4
1450;NoPL.HRD;Big road;Aglais urticae;1
1450;NoPL.HRD;Big road;Aphantopus hyperantus;6
1450;NoPL.HRD;Big road;Argynnis aglaja;2
1450;NoPL.HRD;Big road;Coenonympha arcania;7
1450;NoPL.HRD;Big road;Inachis io;2
1450;NoPL.HRD;Big road;Pieris napi;4
1450;NoPL.HRD;Big road;Polygonia c-album;1
1450;NoPL.HRD;Big road;Thymelicus lineola;3
1450;NoPL.HRD;Pasture;Aglais urticae;1
1450;NoPL.HRD;Pasture;Aphantopus hyperantus;6
1450;NoPL.HRD;Pasture;Argynnis aglaja;4
1450;NoPL.HRD;Pasture;Argynnis paphia;3
1450;NoPL.HRD;Pasture;Aricia artaxerxes;1
1450;NoPL.HRD;Pasture;Brenthis ino;1
1450;NoPL.HRD;Pasture;Coenonympha arcania;5
1450;NoPL.HRD;Pasture;Coenonympha pamphilus;1
1450;NoPL.HRD;Pasture;Gonepteryx rhamni;2
1450;NoPL.HRD;Pasture;Inachis io;9
1450;NoPL.HRD;Pasture;Maniola jurtina;2
1450;NoPL.HRD;Pasture;Pieris napi;1
1450;NoPL.HRD;Pasture;Polyommatus amandus;5
1450;NoPL.HRD;Pasture;Polyommatus icarus;1
1450;NoPL.HRD;Pasture;Thymelicus lineola;7
1450;NoPL.HRD;Small road;Aglais urticae;2
1450;NoPL.HRD;Small road;Argynnis aglaja;4
1450;NoPL.HRD;Small road;Argynnis paphia;5
1450;NoPL.HRD;Small road;Coenonympha arcania;1
1450;NoPL.HRD;Small road;Gonepteryx rhamni;3
1450;NoPL.HRD;Small road;Inachis io;7
1450;NoPL.HRD;Small road;Leptidea sinapis/reali;2
1450;NoPL.HRD;Small road;Pieris brassicae;1
1450;NoPL.HRD;Small road;Pieris napi;3
1450;NoPL.HRD;Small road;Polygonia c-album;1
1450;NoPL.HRD;Small road;Thymelicus lineola;3
1605;NoPL.HRD;Big road;Aphantopus hyperantus;5
1605;NoPL.HRD;Big road;Argynnis paphia;1
1605;NoPL.HRD;Big road;Brenthis ino;1
1605;NoPL.HRD;Big road;Coenonympha arcania;1
1605;NoPL.HRD;Big road;Gonepteryx rhamni;1
1605;NoPL.HRD;Big road;Lasiommata megera;1
1605;NoPL.HRD;Big road;Ochlodes sylvanus;1
1605;NoPL.HRD;Big road;Pieris brassicae;3
1605;NoPL.HRD;Big road;Pieris napi;3
1605;NoPL.HRD;Pasture;Aglais urticae;1
1605;NoPL.HRD;Pasture;Argynnis aglaja;3
1605;NoPL.HRD;Pasture;Boloria selene;1
1605;NoPL.HRD;Pasture;Coenonympha pamphilus;2
1605;NoPL.HRD;Pasture;Gonepteryx rhamni;2
1605;NoPL.HRD;Pasture;Inachis io;1
1605;NoPL.HRD;Pasture;Lycaena phlaeas;2
1605;NoPL.HRD;Pasture;Maniola jurtina;1
1605;NoPL.HRD;Pasture;Melitaea athalia;1
1605;NoPL.HRD;Pasture;Pieris napi;2
1605;NoPL.HRD;Pasture;Polyommatus icarus;1
1605;NoPL.HRD;Small road;Aphantopus hyperantus;2
1605;NoPL.HRD;Small road;Pieris napi;1
1851;PL.HRD;Between fields;Aglais urticae;1
1851;PL.HRD;Between fields;Aphantopus hyperantus;7
1851;PL.HRD;Between fields;Coenonympha arcania;5
1851;PL.HRD;Between fields;Coenonympha pamphilus;1
1851;PL.HRD;Between fields;Maniola jurtina;1
1851;PL.HRD;Between fields;Pieris napi;1
1851;PL.HRD;Between fields;Thymelicus lineola;8
1851;PL.HRD;Big road;Aphantopus hyperantus;14
1851;PL.HRD;Big road;Coenonympha arcania;2
1851;PL.HRD;Big road;Gonepteryx rhamni;1
1851;PL.HRD;Big road;Inachis io;1
1851;PL.HRD;Big road;Ochlodes sylvanus;1
1851;PL.HRD;Big road;Pieris napi;2
1851;PL.HRD;Big road;Thymelicus lineola;5
1851;PL.HRD;Pasture;Aphantopus hyperantus;12
1851;PL.HRD;Pasture;Boloria selene;3
1851;PL.HRD;Pasture;Coenonympha arcania;11
1851;PL.HRD;Pasture;Coenonympha pamphilus;11
1851;PL.HRD;Pasture;Gonepteryx rhamni;1
1851;PL.HRD;Pasture;Leptidea sinapis/reali;1
1851;PL.HRD;Pasture;Maniola jurtina;3
1851;PL.HRD;Pasture;Ochlodes sylvanus;3
1851;PL.HRD;Pasture;Pieris brassicae;1
1851;PL.HRD;Pasture;Pieris napi;2
1851;PL.HRD;Pasture;Polyommatus semiargus;1
1851;PL.HRD;Pasture;Thymelicus lineola;2
1851;PL.HRD;Powerline;Aphantopus hyperantus;3
1851;PL.HRD;Powerline;Boloria euphrosyne;3
1851;PL.HRD;Powerline;Boloria selene;4
1851;PL.HRD;Powerline;Coenonympha arcania;6
1851;PL.HRD;Powerline;Coenonympha pamphilus;8
1851;PL.HRD;Powerline;Lycaena phlaeas;2
1851;PL.HRD;Powerline;Plebejus argus;4
1851;PL.HRD;Powerline;Plebejus idas;2
1851;PL.HRD;Small road;Aphantopus hyperantus;6
1851;PL.HRD;Small road;Ochlodes sylvanus;1
1851;PL.HRD;Small road;Pieris napi;3
1851;PL.HRD;Small road;Plebejus idas;1
1851;PL.HRD;Small road;Thymelicus lineola;9
2014;PL.HRD;Big road;Aphantopus hyperantus;12
2014;PL.HRD;Big road;Coenonympha arcania;1
2014;PL.HRD;Big road;Gonepteryx rhamni;1
2014;PL.HRD;Big road;Inachis io;1
2014;PL.HRD;Big road;Ochlodes sylvanus;3
2014;PL.HRD;Big road;Pieris napi;1
2014;PL.HRD;Big road;Thymelicus lineola;8
2014;PL.HRD;Pasture;Aphantopus hyperantus;6
2014;PL.HRD;Pasture;Brenthis ino;1
2014;PL.HRD;Pasture;Coenonympha arcania;4
2014;PL.HRD;Pasture;Coenonympha pamphilus;1
2014;PL.HRD;Pasture;Ochlodes sylvanus;1
2014;PL.HRD;Pasture;Pieris napi;1
2014;PL.HRD;Pasture;Thymelicus lineola;4
2014;PL.HRD;Powerline;Aphantopus hyperantus;3
2014;PL.HRD;Powerline;Argynnis aglaja;1
2014;PL.HRD;Powerline;Coenonympha arcania;1
2014;PL.HRD;Powerline;Gonepteryx rhamni;6
2014;PL.HRD;Powerline;Inachis io;2
2014;PL.HRD;Powerline;Zygaena filipendulae;1
2014;PL.HRD;Small road;Aphantopus hyperantus;2
2014;PL.HRD;Small road;Inachis io;1
2014;PL.HRD;Small road;Lasiommata maera;1
2014;PL.HRD;Small road;Pieris napi;2
2014;PL.HRD;Small road;Thymelicus lineola;1
2156;NoPL.HRD;Big road;Aphantopus hyperantus;3
2156;NoPL.HRD;Big road;Argynnis aglaja;1
2156;NoPL.HRD;Big road;Coenonympha arcania;2
2156;NoPL.HRD;Big road;Maniola jurtina;1
2156;NoPL.HRD;Big road;Polyommatus amandus;1
2156;NoPL.HRD;Big road;Thymelicus lineola;1
2156;NoPL.HRD;Pasture;Aphantopus hyperantus;7
2156;NoPL.HRD;Pasture;Argynnis aglaja;5
2156;NoPL.HRD;Pasture;Coenonympha arcania;12
2156;NoPL.HRD;Pasture;Coenonympha pamphilus;2
2156;NoPL.HRD;Pasture;Leptidea sinapis/reali;1
2156;NoPL.HRD;Pasture;Lycaena phlaeas;2
2156;NoPL.HRD;Pasture;Ochlodes sylvanus;2
2156;NoPL.HRD;Pasture;Plebejus idas;2
2156;NoPL.HRD;Pasture;Polyommatus amandus;2
2156;NoPL.HRD;Pasture;Thymelicus lineola;1
2156;NoPL.HRD;Pasture;Vanessa cardui;1
2156;NoPL.HRD;Small road;Melitaea athalia;1
2156;NoPL.HRD;Small road;Plebejus argus;2
2156;NoPL.HRD;Small road;Polyommatus amandus;1
2333;PL.LRD;Big road;Aphantopus hyperantus;1
2333;PL.LRD;Big road;Thymelicus lineola;1
2333;PL.LRD;Pasture;Aphantopus hyperantus;15
2333;PL.LRD;Pasture;Argynnis aglaja;1
2333;PL.LRD;Pasture;Argynnis paphia;4
2333;PL.LRD;Pasture;Boloria selene;1
2333;PL.LRD;Pasture;Coenonympha pamphilus;1
2333;PL.LRD;Pasture;Gonepteryx rhamni;1
2333;PL.LRD;Pasture;Inachis io;2
2333;PL.LRD;Pasture;Lasiommata maera;1
2333;PL.LRD;Pasture;Maniola jurtina;22
2333;PL.LRD;Pasture;Zygaena filipendulae;1
2333;PL.LRD;Powerline;Aphantopus hyperantus;32
2333;PL.LRD;Powerline;Argynnis aglaja;2
2333;PL.LRD;Powerline;Argynnis paphia;3
2333;PL.LRD;Powerline;Boloria selene;2
2333;PL.LRD;Powerline;Celastrina argiolus;1
2333;PL.LRD;Powerline;Coenonympha arcania;5
2333;PL.LRD;Powerline;Gonepteryx rhamni;3
2333;PL.LRD;Powerline;Inachis io;2
2333;PL.LRD;Powerline;Thymelicus lineola;4
2333;PL.LRD;Small road;Aphantopus hyperantus;4
2333;PL.LRD;Small road;Argynnis paphia;2
2333;PL.LRD;Small road;Inachis io;4
2333;PL.LRD;Small road;Maniola jurtina;1
2333;PL.LRD;Small road;Polygonia c-album;1
2844;PL.HRD;Between fields;Aglais urticae;1
2844;PL.HRD;Between fields;Aphantopus hyperantus;27
2844;PL.HRD;Between fields;Boloria selene;3
2844;PL.HRD;Between fields;Inachis io;2
2844;PL.HRD;Between fields;Maniola jurtina;1
2844;PL.HRD;Big road;Aphantopus hyperantus;10
2844;PL.HRD;Big road;Argynnis aglaja;1
2844;PL.HRD;Big road;Coenonympha arcania;2
2844;PL.HRD;Big road;Polyommatus icarus;1
2844;PL.HRD;Big road;Zygaena lonicerae;1
2844;PL.HRD;Pasture;Aglais urticae;1
2844;PL.HRD;Pasture;Aphantopus hyperantus;13
2844;PL.HRD;Pasture;Argynnis aglaja;7
2844;PL.HRD;Pasture;Boloria euphrosyne;1
2844;PL.HRD;Pasture;Boloria selene;2
2844;PL.HRD;Pasture;Callophrys rubi;2
2844;PL.HRD;Pasture;Coenonympha arcania;4
2844;PL.HRD;Pasture;Coenonympha pamphilus;2
2844;PL.HRD;Pasture;Gonepteryx rhamni;3
2844;PL.HRD;Pasture;Inachis io;3
2844;PL.HRD;Pasture;Lycaena hippothoe;3
2844;PL.HRD;Pasture;Lycaena phlaeas;2
2844;PL.HRD;Pasture;Maniola jurtina;8
2844;PL.HRD;Pasture;Ochlodes sylvanus;1
2844;PL.HRD;Pasture;Pieris brassicae;1
2844;PL.HRD;Pasture;Plebejus argus;1
2844;PL.HRD;Pasture;Polyommatus icarus;1
2844;PL.HRD;Pasture;Polyommatus semiargus;2
2844;PL.HRD;Pasture;Thymelicus lineola;1
2844;PL.HRD;Powerline;Aglais urticae;1
2844;PL.HRD;Powerline;Aphantopus hyperantus;22
2844;PL.HRD;Powerline;Argynnis adippe;1
2844;PL.HRD;Powerline;Argynnis aglaja;3
2844;PL.HRD;Powerline;Boloria selene;1
2844;PL.HRD;Powerline;Coenonympha arcania;5
2844;PL.HRD;Powerline;Coenonympha pamphilus;2
2844;PL.HRD;Powerline;Gonepteryx rhamni;3
2844;PL.HRD;Powerline;Inachis io;1
2844;PL.HRD;Powerline;Lasiommata maera;1
2844;PL.HRD;Powerline;Melitaea athalia;1
2844;PL.HRD;Powerline;Pieris napi;1
2844;PL.HRD;Powerline;Thymelicus lineola;4
2844;PL.HRD;Small road;Aphantopus hyperantus;1
2844;PL.HRD;Small road;Brenthis ino;1
2844;PL.HRD;Small road;Coenonympha arcania;2
2844;PL.HRD;Small road;Gonepteryx rhamni;2
2844;PL.HRD;Small road;Lasiommata maera;6
2844;PL.HRD;Small road;Leptidea sinapis/reali;1
2844;PL.HRD;Small road;Ochlodes sylvanus;2
2844;PL.HRD;Small road;Pieris napi;4
2844;PL.HRD;Small road;Plebejus optilete;1
3897;PL.HRD;Big road;Aphantopus hyperantus;2
3897;PL.HRD;Big road;Lasiommata maera;1
3897;PL.HRD;Pasture;Aphantopus hyperantus;2
3897;PL.HRD;Pasture;Maniola jurtina;1
3897;PL.HRD;Pasture;Pieris napi;1
3897;PL.HRD;Pasture;Polyommatus amandus;2
3897;PL.HRD;Powerline;Aphantopus hyperantus;9
3897;PL.HRD;Powerline;Coenonympha pamphilus;2
3897;PL.HRD;Powerline;Ochlodes sylvanus;2
3897;PL.HRD;Powerline;Pieris napi;2
3897;PL.HRD;Powerline;Plebejus argus;2
3897;PL.HRD;Powerline;Polyommatus amandus;1
3897;PL.HRD;Powerline;Thymelicus lineola;1
3897;PL.HRD;Small road;Aphantopus hyperantus;23
3897;PL.HRD;Small road;Coenonympha arcania;1
3897;PL.HRD;Small road;Hesperia comma;1
3897;PL.HRD;Small road;Ochlodes sylvanus;2
3897;PL.HRD;Small road;Pieris napi;2
3897;PL.HRD;Small road;Plebejus idas;1
4091;PL.HRD;Between fields;Aglais urticae;2
4091;PL.HRD;Between fields;Aphantopus hyperantus;14
4091;PL.HRD;Between fields;Argynnis adippe;1
4091;PL.HRD;Between fields;Argynnis aglaja;1
4091;PL.HRD;Between fields;Boloria selene;3
4091;PL.HRD;Between fields;Coenonympha arcania;5
4091;PL.HRD;Between fields;Gonepteryx rhamni;5
4091;PL.HRD;Between fields;Inachis io;17
4091;PL.HRD;Between fields;Leptidea sinapis/reali;2
4091;PL.HRD;Between fields;Pieris napi;7
4091;PL.HRD;Between fields;Polyommatus semiargus;1
4091;PL.HRD;Big road;Aphantopus hyperantus;23
4091;PL.HRD;Big road;Argynnis adippe;1
4091;PL.HRD;Big road;Coenonympha arcania;5
4091;PL.HRD;Big road;Gonepteryx rhamni;1
4091;PL.HRD;Big road;Inachis io;1
4091;PL.HRD;Big road;Pieris brassicae;2
4091;PL.HRD;Big road;Pieris napi;2
4091;PL.HRD;Pasture;Aphantopus hyperantus;11
4091;PL.HRD;Pasture;Coenonympha arcania;16
4091;PL.HRD;Pasture;Coenonympha pamphilus;2
4091;PL.HRD;Pasture;Gonepteryx rhamni;2
4091;PL.HRD;Pasture;Hesperia comma;2
4091;PL.HRD;Pasture;Inachis io;2
4091;PL.HRD;Pasture;Lycaena phlaeas;2
4091;PL.HRD;Pasture;Maniola jurtina;2
4091;PL.HRD;Pasture;Melitaea athalia;1
4091;PL.HRD;Pasture;Thymelicus lineola;2
4091;PL.HRD;Powerline;Aphantopus hyperantus;29
4091;PL.HRD;Powerline;Argynnis aglaja;4
4091;PL.HRD;Powerline;Argynnis paphia;12
4091;PL.HRD;Powerline;Boloria selene;5
4091;PL.HRD;Powerline;Brenthis ino;8
4091;PL.HRD;Powerline;Coenonympha arcania;5
4091;PL.HRD;Powerline;Coenonympha pamphilus;2
4091;PL.HRD;Powerline;Gonepteryx rhamni;19
4091;PL.HRD;Powerline;Inachis io;17
4091;PL.HRD;Powerline;Pieris brassicae;1
4091;PL.HRD;Powerline;Pieris napi;1
4091;PL.HRD;Powerline;Polyommatus amandus;3
4091;PL.HRD;Powerline;Polyommatus semiargus;1
4091;PL.HRD;Powerline;Thymelicus lineola;11
4091;PL.HRD;Small road;Aphantopus hyperantus;5
4091;PL.HRD;Small road;Argynnis adippe;1
4091;PL.HRD;Small road;Argynnis aglaja;2
4091;PL.HRD;Small road;Brenthis ino;1
4091;PL.HRD;Small road;Inachis io;3
4091;PL.HRD;Small road;Issoria lathonia;1
4091;PL.HRD;Small road;Lasiommata maera;1
4091;PL.HRD;Small road;Pieris napi;1
4091;PL.HRD;Small road;Thymelicus lineola;1
4319;NoPL.HRD;Between fields;Aphantopus hyperantus;12
4319;NoPL.HRD;Between fields;Coenonympha arcania;5
4319;NoPL.HRD;Between fields;Gonepteryx rhamni;4
4319;NoPL.HRD;Between fields;Inachis io;6
4319;NoPL.HRD;Between fields;Pieris brassicae;3
4319;NoPL.HRD;Between fields;Pieris napi;4
4319;NoPL.HRD;Between fields;Thymelicus lineola;1
4319;NoPL.HRD;Big road;Aphantopus hyperantus;10
4319;NoPL.HRD;Big road;Boloria selene;1
4319;NoPL.HRD;Big road;Coenonympha arcania;4
4319;NoPL.HRD;Big road;Inachis io;1
4319;NoPL.HRD;Big road;Leptidea sinapis/reali;1
4319;NoPL.HRD;Big road;Ochlodes sylvanus;1
4319;NoPL.HRD;Big road;Pieris napi;7
4319;NoPL.HRD;Big road;Polyommatus amandus;1
4319;NoPL.HRD;Big road;Thymelicus lineola;6
4319;NoPL.HRD;Pasture;Aphantopus hyperantus;5
4319;NoPL.HRD;Pasture;Argynnis aglaja;5
4319;NoPL.HRD;Pasture;Boloria selene;1
4319;NoPL.HRD;Pasture;Coenonympha arcania;2
4319;NoPL.HRD;Pasture;Gonepteryx rhamni;2
4319;NoPL.HRD;Pasture;Melitaea athalia;1
4319;NoPL.HRD;Pasture;Pieris brassicae;2
4319;NoPL.HRD;Pasture;Pieris napi;2
4319;NoPL.HRD;Pasture;Zygaena lonicerae;1
4319;NoPL.HRD;Small road;Aglais urticae;3
4319;NoPL.HRD;Small road;Aphantopus hyperantus;12
4319;NoPL.HRD;Small road;Argynnis aglaja;1
4319;NoPL.HRD;Small road;Argynnis paphia;3
4319;NoPL.HRD;Small road;Inachis io;1
4319;NoPL.HRD;Small road;Nymphalis antiopa;1
4319;NoPL.HRD;Small road;Ochlodes sylvanus;1
4319;NoPL.HRD;Small road;Pieris napi;12
4319;NoPL.HRD;Small road;Thymelicus lineola;4
4319;NoPL.HRD;Small road;Vanessa cardui;1
5041;NoPL.HRD;Between fields;Aphantopus hyperantus;12
5041;NoPL.HRD;Between fields;Argynnis paphia;1
5041;NoPL.HRD;Between fields;Brenthis ino;1
5041;NoPL.HRD;Between fields;Coenonympha arcania;8
5041;NoPL.HRD;Between fields;Inachis io;1
5041;NoPL.HRD;Between fields;Pieris brassicae;4
5041;NoPL.HRD;Between fields;Pieris napi;8
5041;NoPL.HRD;Between fields;Plebejus idas;1
5041;NoPL.HRD;Between fields;Polyommatus amandus;2
5041;NoPL.HRD;Between fields;Polyommatus semiargus;1
5041;NoPL.HRD;Between fields;Thymelicus lineola;4
5041;NoPL.HRD;Big road;Aglais urticae;1
5041;NoPL.HRD;Big road;Aphantopus hyperantus;5
5041;NoPL.HRD;Big road;Coenonympha arcania;2
5041;NoPL.HRD;Big road;Inachis io;2
5041;NoPL.HRD;Big road;Polyommatus semiargus;2
5041;NoPL.HRD;Big road;Thymelicus lineola;1
5041;NoPL.HRD;Pasture;Anthocharis cardamines;2
5041;NoPL.HRD;Pasture;Aphantopus hyperantus;16
5041;NoPL.HRD;Pasture;Coenonympha arcania;6
5041;NoPL.HRD;Pasture;Inachis io;1
5041;NoPL.HRD;Pasture;Nymphalis antiopa;1
5041;NoPL.HRD;Pasture;Ochlodes sylvanus;1
5041;NoPL.HRD;Pasture;Pieris brassicae;1
5041;NoPL.HRD;Pasture;Polyommatus amandus;1
5041;NoPL.HRD;Pasture;Polyommatus icarus;1
5041;NoPL.HRD;Pasture;Polyommatus semiargus;2
5041;NoPL.HRD;Pasture;Thymelicus lineola;3
5041;NoPL.HRD;Small road;Aglais urticae;1
5041;NoPL.HRD;Small road;Aphantopus hyperantus;8
5041;NoPL.HRD;Small road;Argynnis aglaja;1
5041;NoPL.HRD;Small road;Coenonympha arcania;1
5041;NoPL.HRD;Small road;Pieris napi;1
5166;NoPL.LRD;Between fields;Aglais urticae;8
5166;NoPL.LRD;Between fields;Aphantopus hyperantus;18
5166;NoPL.LRD;Between fields;Argynnis aglaja;1
5166;NoPL.LRD;Between fields;Aricia artaxerxes;1
5166;NoPL.LRD;Between fields;Coenonympha arcania;5
5166;NoPL.LRD;Between fields;Gonepteryx rhamni;8
5166;NoPL.LRD;Between fields;Inachis io;10
5166;NoPL.LRD;Between fields;Pieris napi;16
5166;NoPL.LRD;Between fields;Polyommatus semiargus;5
5166;NoPL.LRD;Between fields;Thymelicus lineola;3
5166;NoPL.LRD;Big road;Aphantopus hyperantus;9
5166;NoPL.LRD;Big road;Argynnis aglaja;2
5166;NoPL.LRD;Big road;Coenonympha arcania;6
5166;NoPL.LRD;Big road;Inachis io;1
5166;NoPL.LRD;Big road;Pieris napi;3
5166;NoPL.LRD;Big road;Polyommatus amandus;2
5166;NoPL.LRD;Big road;Polyommatus semiargus;2
5166;NoPL.LRD;Big road;Thymelicus lineola;1
5166;NoPL.LRD;Pasture;Aglais urticae;1
5166;NoPL.LRD;Pasture;Aphantopus hyperantus;7
5166;NoPL.LRD;Pasture;Coenonympha arcania;2
5166;NoPL.LRD;Pasture;Coenonympha pamphilus;2
5166;NoPL.LRD;Pasture;Lycaena phlaeas;1
5166;NoPL.LRD;Pasture;Polyommatus amandus;1
5166;NoPL.LRD;Pasture;Polyommatus icarus;2
5166;NoPL.LRD;Small road;Aglais urticae;1
5166;NoPL.LRD;Small road;Aphantopus hyperantus;2
5166;NoPL.LRD;Small road;Coenonympha arcania;2
5166;NoPL.LRD;Small road;Gonepteryx rhamni;1
5166;NoPL.LRD;Small road;Inachis io;4
5166;NoPL.LRD;Small road;Pieris brassicae;1
5166;NoPL.LRD;Small road;Pieris napi;7
5166;NoPL.LRD;Small road;Plebejus idas;1
5166;NoPL.LRD;Small road;Polyommatus amandus;2
5166;NoPL.LRD;Small road;Thymelicus lineola;3
5561;PL.LRD;Big road;Aglais urticae;1
5561;PL.LRD;Big road;Aphantopus hyperantus;9
5561;PL.LRD;Big road;Coenonympha arcania;8
5561;PL.LRD;Big road;Lycaena phlaeas;2
5561;PL.LRD;Big road;Pieris napi;3
5561;PL.LRD;Big road;Thymelicus lineola;7
5561;PL.LRD;Pasture;Aphantopus hyperantus;4
5561;PL.LRD;Pasture;Coenonympha arcania;7
5561;PL.LRD;Pasture;Gonepteryx rhamni;1
5561;PL.LRD;Pasture;Lycaena phlaeas;1
5561;PL.LRD;Pasture;Pieris brassicae;1
5561;PL.LRD;Pasture;Pieris napi;1
5561;PL.LRD;Pasture;Pieris rapae;1
5561;PL.LRD;Pasture;Plebejus argus;1
5561;PL.LRD;Pasture;Polyommatus amandus;1
5561;PL.LRD;Pasture;Thymelicus lineola;2
5561;PL.LRD;Powerline;Aglais urticae;1
5561;PL.LRD;Powerline;Aphantopus hyperantus;3
5561;PL.LRD;Powerline;Argynnis adippe;5
5561;PL.LRD;Powerline;Boloria selene;2
5561;PL.LRD;Powerline;Brenthis ino;3
5561;PL.LRD;Powerline;Coenonympha arcania;20
5561;PL.LRD;Powerline;Inachis io;1
5561;PL.LRD;Powerline;Leptidea sinapis/reali;3
5561;PL.LRD;Powerline;Melitaea athalia;1
5561;PL.LRD;Powerline;Ochlodes sylvanus;2
5561;PL.LRD;Powerline;Pieris napi;7
5561;PL.LRD;Powerline;Plebejus argus;4
5561;PL.LRD;Powerline;Plebejus idas;4
5561;PL.LRD;Powerline;Plebejus optilete;1
5561;PL.LRD;Powerline;Polyommatus icarus;2
5561;PL.LRD;Powerline;Thymelicus lineola;9
5561;PL.LRD;Small road;Aglais urticae;5
5561;PL.LRD;Small road;Aphantopus hyperantus;10
5561;PL.LRD;Small road;Brenthis ino;1
5561;PL.LRD;Small road;Coenonympha arcania;5
5561;PL.LRD;Small road;Gonepteryx rhamni;2
5561;PL.LRD;Small road;Lycaena phlaeas;2
5561;PL.LRD;Small road;Pieris brassicae;3
5561;PL.LRD;Small road;Pieris napi;7
5561;PL.LRD;Small road;Pieris rapae;1
5561;PL.LRD;Small road;Thymelicus lineola;9
5683;NoPL.LRD;Big road;Inachis io;1
5683;NoPL.LRD;Big road;Pieris napi;2
5683;NoPL.LRD;Big road;Thymelicus lineola;4
5683;NoPL.LRD;Pasture;Aphantopus hyperantus;8
5683;NoPL.LRD;Pasture;Coenonympha arcania;11
5683;NoPL.LRD;Pasture;Gonepteryx rhamni;1
5683;NoPL.LRD;Pasture;Leptidea sinapis/reali;1
5683;NoPL.LRD;Pasture;Pieris rapae;1
5683;NoPL.LRD;Pasture;Polyommatus amandus;1
5683;NoPL.LRD;Pasture;Thymelicus lineola;8
5683;NoPL.LRD;Pasture;Vanessa cardui;1
5683;NoPL.LRD;Small road;Aglais urticae;7
5683;NoPL.LRD;Small road;Aphantopus hyperantus;2
5683;NoPL.LRD;Small road;Argynnis aglaja;2
5683;NoPL.LRD;Small road;Pieris brassicae;3
5683;NoPL.LRD;Small road;Pieris napi;4
5683;NoPL.LRD;Small road;Polyommatus semiargus;1
5683;NoPL.LRD;Small road;Thymelicus lineola;15
5683;NoPL.LRD;Small road;Zygaena filipendulae;1
5798;PL.HRD;Between fields;Aglais urticae;3
5798;PL.HRD;Between fields;Aphantopus hyperantus;25
5798;PL.HRD;Between fields;Coenonympha arcania;3
5798;PL.HRD;Between fields;Inachis io;2
5798;PL.HRD;Between fields;Pieris napi;2
5798;PL.HRD;Big road;Aphantopus hyperantus;5
5798;PL.HRD;Big road;Coenonympha arcania;1
5798;PL.HRD;Big road;Pieris napi;1
5798;PL.HRD;Pasture;Aphantopus hyperantus;4
5798;PL.HRD;Pasture;Coenonympha arcania;3
5798;PL.HRD;Pasture;Pieris napi;2
5798;PL.HRD;Pasture;Thymelicus lineola;1
5798;PL.HRD;Powerline;Aglais urticae;2
5798;PL.HRD;Powerline;Aphantopus hyperantus;37
5798;PL.HRD;Powerline;Argynnis paphia;1
5798;PL.HRD;Powerline;Brenthis ino;3
5798;PL.HRD;Powerline;Coenonympha arcania;4
5798;PL.HRD;Powerline;Coenonympha pamphilus;1
5798;PL.HRD;Powerline;Inachis io;2
5798;PL.HRD;Powerline;Pieris napi;1
5798;PL.HRD;Powerline;Plebejus argus;1
5798;PL.HRD;Powerline;Plebejus idas;1
5798;PL.HRD;Powerline;Polyommatus amandus;3
5798;PL.HRD;Powerline;Polyommatus icarus;6
5798;PL.HRD;Powerline;Polyommatus semiargus;1
5798;PL.HRD;Powerline;Thecla betulae;2
5798;PL.HRD;Powerline;Thymelicus lineola;18
5798;PL.HRD;Small road;Aglais urticae;5
5798;PL.HRD;Small road;Aphantopus hyperantus;8
5798;PL.HRD;Small road;Coenonympha arcania;5
5798;PL.HRD;Small road;Inachis io;1
5798;PL.HRD;Small road;Pieris napi;3
5798;PL.HRD;Small road;Pieris rapae;3
5798;PL.HRD;Small road;Plebejus argus;2
5798;PL.HRD;Small road;Polyommatus amandus;2
5798;PL.HRD;Small road;Polyommatus semiargus;1
5798;PL.HRD;Small road;Thymelicus lineola;9
5834;PL.LRD;Between fields;Aphantopus hyperantus;7
5834;PL.LRD;Between fields;Coenonympha pamphilus;1
5834;PL.LRD;Between fields;Inachis io;6
5834;PL.LRD;Between fields;Pieris napi;2
5834;PL.LRD;Between fields;Thymelicus lineola;3
5834;PL.LRD;Big road;Aglais urticae;2
5834;PL.LRD;Big road;Aphantopus hyperantus;8
5834;PL.LRD;Big road;Boloria selene;1
5834;PL.LRD;Big road;Coenonympha arcania;1
5834;PL.LRD;Big road;Coenonympha pamphilus;1
5834;PL.LRD;Big road;Gonepteryx rhamni;1
5834;PL.LRD;Big road;Ochlodes sylvanus;2
5834;PL.LRD;Big road;Thymelicus lineola;1
5834;PL.LRD;Pasture;Aglais urticae;1
5834;PL.LRD;Pasture;Aphantopus hyperantus;8
5834;PL.LRD;Pasture;Aricia artaxerxes;1
5834;PL.LRD;Pasture;Brenthis ino;3
5834;PL.LRD;Pasture;Coenonympha arcania;2
5834;PL.LRD;Pasture;Coenonympha pamphilus;2
5834;PL.LRD;Pasture;Ochlodes sylvanus;1
5834;PL.LRD;Pasture;Polyommatus amandus;1
5834;PL.LRD;Powerline;Aglais urticae;1
5834;PL.LRD;Powerline;Aphantopus hyperantus;2
5834;PL.LRD;Powerline;Argynnis adippe;1
5834;PL.LRD;Powerline;Brenthis ino;2
5834;PL.LRD;Powerline;Coenonympha arcania;2
5834;PL.LRD;Powerline;Coenonympha pamphilus;4
5834;PL.LRD;Powerline;Hesperia comma;1
5834;PL.LRD;Powerline;Inachis io;9
5834;PL.LRD;Powerline;Issoria lathonia;1
5834;PL.LRD;Powerline;Pieris napi;3
5834;PL.LRD;Powerline;Plebejus argus;1
5834;PL.LRD;Small road;Anthocharis cardamines;1
5834;PL.LRD;Small road;Aphantopus hyperantus;17
5834;PL.LRD;Small road;Argynnis aglaja;1
5834;PL.LRD;Small road;Aricia artaxerxes;3
5834;PL.LRD;Small road;Brenthis ino;4
5834;PL.LRD;Small road;Coenonympha arcania;3
5834;PL.LRD;Small road;Coenonympha pamphilus;4
5834;PL.LRD;Small road;Gonepteryx rhamni;4
5834;PL.LRD;Small road;Inachis io;1
5834;PL.LRD;Small road;Leptidea sinapis/reali;2
5834;PL.LRD;Small road;Ochlodes sylvanus;3
5834;PL.LRD;Small road;Pieris brassicae;1
5834;PL.LRD;Small road;Polyommatus amandus;2
5834;PL.LRD;Small road;Thymelicus lineola;3
5847;NoPL.LRD;Big road;Aglais urticae;11
5847;NoPL.LRD;Big road;Aphantopus hyperantus;14
5847;NoPL.LRD;Big road;Argynnis paphia;1
5847;NoPL.LRD;Big road;Brenthis ino;3
5847;NoPL.LRD;Big road;Carterocephalus silvicola;1
5847;NoPL.LRD;Big road;Coenonympha pamphilus;1
5847;NoPL.LRD;Big road;Gonepteryx rhamni;1
5847;NoPL.LRD;Big road;Inachis io;2
5847;NoPL.LRD;Big road;Lasiommata maera;7
5847;NoPL.LRD;Big road;Ochlodes sylvanus;1
5847;NoPL.LRD;Big road;Pieris napi;1
5847;NoPL.LRD;Big road;Polyommatus icarus;2
5847;NoPL.LRD;Big road;Thymelicus lineola;2
5847;NoPL.LRD;Pasture;Aphantopus hyperantus;8
5847;NoPL.LRD;Pasture;Argynnis paphia;11
5847;NoPL.LRD;Pasture;Coenonympha arcania;4
5847;NoPL.LRD;Pasture;Coenonympha pamphilus;5
5847;NoPL.LRD;Pasture;Gonepteryx rhamni;3
5847;NoPL.LRD;Pasture;Hesperia comma;1
5847;NoPL.LRD;Pasture;Inachis io;3
5847;NoPL.LRD;Pasture;Lasiommata maera;4
5847;NoPL.LRD;Pasture;Maniola jurtina;4
5847;NoPL.LRD;Pasture;Ochlodes sylvanus;3
5847;NoPL.LRD;Pasture;Pieris brassicae;1
5847;NoPL.LRD;Pasture;Polygonia c-album;2
5847;NoPL.LRD;Pasture;Zygaena lonicerae;1
5847;NoPL.LRD;Pasture;Zygaena viciae;1
5847;NoPL.LRD;Small road;Aphantopus hyperantus;13
5847;NoPL.LRD;Small road;Argynnis paphia;6
5847;NoPL.LRD;Small road;Erynnis tages;1
5847;NoPL.LRD;Small road;Gonepteryx rhamni;2
5847;NoPL.LRD;Small road;Lasiommata maera;10
5847;NoPL.LRD;Small road;Melitaea athalia;1
5847;NoPL.LRD;Small road;Pieris brassicae;1
5847;NoPL.LRD;Small road;Pieris napi;2
5847;NoPL.LRD;Small road;Polygonia c-album;2
5847;NoPL.LRD;Small road;Thymelicus lineola;1
6437;NoPL.LRD;Between fields;Aglais urticae;1
6437;NoPL.LRD;Between fields;Aphantopus hyperantus;10
6437;NoPL.LRD;Between fields;Brenthis ino;1
6437;NoPL.LRD;Between fields;Coenonympha arcania;2
6437;NoPL.LRD;Between fields;Pieris napi;1
6437;NoPL.LRD;Between fields;Pieris rapae;1
6437;NoPL.LRD;Between fields;Thymelicus lineola;2
6437;NoPL.LRD;Big road;Aphantopus hyperantus;3
6437;NoPL.LRD;Big road;Polyommatus amandus;1
6437;NoPL.LRD;Big road;Polyommatus icarus;1
6437;NoPL.LRD;Pasture;Aglais urticae;1
6437;NoPL.LRD;Pasture;Aphantopus hyperantus;5
6437;NoPL.LRD;Pasture;Coenonympha arcania;4
6437;NoPL.LRD;Pasture;Coenonympha pamphilus;1
6437;NoPL.LRD;Pasture;Glaucopsyche alexis;1
6437;NoPL.LRD;Pasture;Gonepteryx rhamni;2
6437;NoPL.LRD;Pasture;Inachis io;2
6437;NoPL.LRD;Pasture;Lycaena hippothoe;1
6437;NoPL.LRD;Pasture;Melitaea athalia;3
6437;NoPL.LRD;Pasture;Pieris brassicae;2
6437;NoPL.LRD;Pasture;Pieris napi;5
6437;NoPL.LRD;Pasture;Pieris rapae;1
6437;NoPL.LRD;Pasture;Polyommatus amandus;1
6437;NoPL.LRD;Pasture;Polyommatus icarus;2
6437;NoPL.LRD;Pasture;Thymelicus lineola;3
6437;NoPL.LRD;Small road;Pieris napi;11
6836;NoPL.HRD;Between fields;Aphantopus hyperantus;12
6836;NoPL.HRD;Between fields;Inachis io;2
6836;NoPL.HRD;Between fields;Ochlodes sylvanus;1
6836;NoPL.HRD;Between fields;Pieris napi;4
6836;NoPL.HRD;Between fields;Thymelicus lineola;1
6836;NoPL.HRD;Big road;Aphantopus hyperantus;8
6836;NoPL.HRD;Pasture;Aphantopus hyperantus;12
6836;NoPL.HRD;Pasture;Coenonympha arcania;3
6836;NoPL.HRD;Pasture;Coenonympha pamphilus;2
6836;NoPL.HRD;Pasture;Inachis io;2
6836;NoPL.HRD;Pasture;Lasiommata maera;2
6836;NoPL.HRD;Pasture;Ochlodes sylvanus;3
6836;NoPL.HRD;Pasture;Polyommatus icarus;2
6836;NoPL.HRD;Pasture;Thymelicus lineola;1
6836;NoPL.HRD;Small road;Aphantopus hyperantus;1
6836;NoPL.HRD;Small road;Callophrys rubi;1
6836;NoPL.HRD;Small road;Coenonympha arcania;2
6836;NoPL.HRD;Small road;Lasiommata maera;1
6836;NoPL.HRD;Small road;Leptidea sinapis/reali;2
6836;NoPL.HRD;Small road;Lycaena phlaeas;1
7073;NoPL.LRD;Between fields;Aglais urticae;2
7073;NoPL.LRD;Between fields;Aphantopus hyperantus;23
7073;NoPL.LRD;Between fields;Coenonympha arcania;1
7073;NoPL.LRD;Between fields;Inachis io;1
7073;NoPL.LRD;Between fields;Pieris napi;3
7073;NoPL.LRD;Between fields;Polyommatus amandus;1
7073;NoPL.LRD;Between fields;Polyommatus icarus;2
7073;NoPL.LRD;Big road;Aphantopus hyperantus;7
7073;NoPL.LRD;Big road;Coenonympha arcania;1
7073;NoPL.LRD;Big road;Inachis io;1
7073;NoPL.LRD;Big road;Thymelicus lineola;2
7073;NoPL.LRD;Pasture;Aphantopus hyperantus;36
7073;NoPL.LRD;Pasture;Brenthis ino;1
7073;NoPL.LRD;Pasture;Coenonympha arcania;11
7073;NoPL.LRD;Pasture;Inachis io;1
7073;NoPL.LRD;Pasture;Lasiommata maera;1
7073;NoPL.LRD;Pasture;Pieris napi;2
7073;NoPL.LRD;Pasture;Plebejus argus;3
7073;NoPL.LRD;Pasture;Thymelicus lineola;8
7073;NoPL.LRD;Pasture;Zygaena viciae;3
7073;NoPL.LRD;Small road;Aphantopus hyperantus;31
7073;NoPL.LRD;Small road;Argynnis aglaja;4
7073;NoPL.LRD;Small road;Argynnis paphia;2
7073;NoPL.LRD;Small road;Boloria selene;1
7073;NoPL.LRD;Small road;Coenonympha arcania;9
7073;NoPL.LRD;Small road;Glaucopsyche alexis;1
7073;NoPL.LRD;Small road;Gonepteryx rhamni;5
7073;NoPL.LRD;Small road;Inachis io;3
7073;NoPL.LRD;Small road;Issoria lathonia;1
7073;NoPL.LRD;Small road;Lasiommata maera;4
7073;NoPL.LRD;Small road;Pieris brassicae;1
7073;NoPL.LRD;Small road;Pieris napi;8
7073;NoPL.LRD;Small road;Polygonia c-album;1
7073;NoPL.LRD;Small road;Polyommatus amandus;2
7073;NoPL.LRD;Small road;Thecla betulae;1
7073;NoPL.LRD;Small road;Thymelicus lineola;3
7073;NoPL.LRD;Small road;Zygaena viciae;3
7080;PL.HRD;Between fields;Aphantopus hyperantus;4
7080;PL.HRD;Between fields;Coenonympha arcania;2
7080;PL.HRD;Between fields;Pieris napi;3
7080;PL.HRD;Big road;Aphantopus hyperantus;3
7080;PL.HRD;Big road;Coenonympha arcania;3
7080;PL.HRD;Pasture;Aglais urticae;1
7080;PL.HRD;Pasture;Aphantopus hyperantus;7
7080;PL.HRD;Pasture;Argynnis paphia;1
7080;PL.HRD;Pasture;Coenonympha arcania;4
7080;PL.HRD;Pasture;Ochlodes sylvanus;2
7080;PL.HRD;Pasture;Pieris napi;3
7080;PL.HRD;Pasture;Pieris rapae;1
7080;PL.HRD;Powerline;Aphantopus hyperantus;15
7080;PL.HRD;Powerline;Argynnis adippe;2
7080;PL.HRD;Powerline;Aricia artaxerxes;1
7080;PL.HRD;Powerline;Boloria selene;4
7080;PL.HRD;Powerline;Brenthis ino;2
7080;PL.HRD;Powerline;Coenonympha arcania;16
7080;PL.HRD;Powerline;Leptidea sinapis/reali;1
7080;PL.HRD;Powerline;Polyommatus icarus;2
7080;PL.HRD;Powerline;Polyommatus semiargus;4
7080;PL.HRD;Powerline;Thymelicus lineola;2
7080;PL.HRD;Powerline;Zygaena viciae;4
7080;PL.HRD;Small road;Aphantopus hyperantus;3
7080;PL.HRD;Small road;Argynnis adippe;1
7080;PL.HRD;Small road;Boloria selene;1
7080;PL.HRD;Small road;Lasiommata maera;4
7080;PL.HRD;Small road;Ochlodes sylvanus;1
7080;PL.HRD;Small road;Pieris rapae;1
7080;PL.HRD;Small road;Polyommatus icarus;2
7103;PL.HRD;Between fields;Aglais urticae;5
7103;PL.HRD;Between fields;Aphantopus hyperantus;8
7103;PL.HRD;Between fields;Coenonympha arcania;1
7103;PL.HRD;Between fields;Gonepteryx rhamni;1
7103;PL.HRD;Between fields;Pieris brassicae;14
7103;PL.HRD;Between fields;Pieris napi;9
7103;PL.HRD;Between fields;Pieris rapae;1
7103;PL.HRD;Between fields;Thymelicus lineola;7
7103;PL.HRD;Big road;Aglais urticae;2
7103;PL.HRD;Big road;Aphantopus hyperantus;9
7103;PL.HRD;Big road;Pieris napi;2
7103;PL.HRD;Big road;Thymelicus lineola;1
7103;PL.HRD;Big road;Vanessa cardui;1
7103;PL.HRD;Pasture;Aglais urticae;2
7103;PL.HRD;Pasture;Aphantopus hyperantus;8
7103;PL.HRD;Pasture;Callophrys rubi;1
7103;PL.HRD;Pasture;Inachis io;1
7103;PL.HRD;Pasture;Pieris brassicae;1
7103;PL.HRD;Pasture;Polyommatus semiargus;1
7103;PL.HRD;Powerline;Aglais urticae;5
7103;PL.HRD;Powerline;Aphantopus hyperantus;17
7103;PL.HRD;Powerline;Argynnis aglaja;1
7103;PL.HRD;Powerline;Argynnis paphia;4
7103;PL.HRD;Powerline;Aricia artaxerxes;2
7103;PL.HRD;Powerline;Boloria selene;2
7103;PL.HRD;Powerline;Brenthis ino;3
7103;PL.HRD;Powerline;Coenonympha arcania;10
7103;PL.HRD;Powerline;Gonepteryx rhamni;7
7103;PL.HRD;Powerline;Inachis io;1
7103;PL.HRD;Powerline;Lasiommata maera;1
7103;PL.HRD;Powerline;Lycaena phlaeas;3
7103;PL.HRD;Powerline;Melitaea athalia;3
7103;PL.HRD;Powerline;Ochlodes sylvanus;1
7103;PL.HRD;Powerline;Plebejus argus;10
7103;PL.HRD;Powerline;Plebejus idas;10
7103;PL.HRD;Powerline;Plebejus optilete;3
7103;PL.HRD;Powerline;Polyommatus amandus;1
7103;PL.HRD;Powerline;Thymelicus lineola;3
7103;PL.HRD;Small road;Aphantopus hyperantus;5
7103;PL.HRD;Small road;Argynnis aglaja;1
7103;PL.HRD;Small road;Argynnis paphia;1
7103;PL.HRD;Small road;Pieris napi;1
7411;NoPL.LRD;Between fields;Aphantopus hyperantus;12
7411;NoPL.LRD;Between fields;Brenthis ino;1
7411;NoPL.LRD;Between fields;Gonepteryx rhamni;1
7411;NoPL.LRD;Between fields;Inachis io;2
7411;NoPL.LRD;Between fields;Pieris napi;4
7411;NoPL.LRD;Between fields;Thymelicus lineola;2
7411;NoPL.LRD;Big road;Aphantopus hyperantus;7
7411;NoPL.LRD;Big road;Argynnis paphia;1
7411;NoPL.LRD;Big road;Coenonympha arcania;4
7411;NoPL.LRD;Big road;Polyommatus semiargus;1
7411;NoPL.LRD;Pasture;Aphantopus hyperantus;10
7411;NoPL.LRD;Pasture;Argynnis paphia;1
7411;NoPL.LRD;Pasture;Aricia artaxerxes;1
7411;NoPL.LRD;Pasture;Brenthis ino;1
7411;NoPL.LRD;Pasture;Coenonympha arcania;7
7411;NoPL.LRD;Pasture;Glaucopsyche alexis;1
7411;NoPL.LRD;Pasture;Inachis io;1
7411;NoPL.LRD;Pasture;Lasiommata maera;1
7411;NoPL.LRD;Pasture;Melitaea athalia;1
7411;NoPL.LRD;Pasture;Ochlodes sylvanus;1
7411;NoPL.LRD;Pasture;Polyommatus amandus;5
7411;NoPL.LRD;Pasture;Thymelicus lineola;3
7411;NoPL.LRD;Pasture;Zygaena viciae;3
7411;NoPL.LRD;Small road;Lasiommata maera;1
8329;NoPL.LRD;Between fields;Aglais urticae;2
8329;NoPL.LRD;Between fields;Aphantopus hyperantus;16
8329;NoPL.LRD;Between fields;Argynnis aglaja;1
8329;NoPL.LRD;Between fields;Coenonympha arcania;1
8329;NoPL.LRD;Between fields;Coenonympha pamphilus;1
8329;NoPL.LRD;Between fields;Inachis io;3
8329;NoPL.LRD;Between fields;Leptidea sinapis/reali;1
8329;NoPL.LRD;Between fields;Pieris napi;2
8329;NoPL.LRD;Between fields;Pieris rapae;1
8329;NoPL.LRD;Between fields;Thymelicus lineola;2
8329;NoPL.LRD;Big road;Aglais urticae;1
8329;NoPL.LRD;Big road;Aphantopus hyperantus;10
8329;NoPL.LRD;Big road;Coenonympha arcania;1
8329;NoPL.LRD;Big road;Lasiommata maera;3
8329;NoPL.LRD;Big road;Pieris napi;3
8329;NoPL.LRD;Big road;Polygonia c-album;1
8329;NoPL.LRD;Big road;Thymelicus lineola;3
8329;NoPL.LRD;Pasture;Aphantopus hyperantus;44
8329;NoPL.LRD;Pasture;Brenthis ino;1
8329;NoPL.LRD;Pasture;Coenonympha arcania;8
8329;NoPL.LRD;Pasture;Lasiommata maera;2
8329;NoPL.LRD;Pasture;Polyommatus icarus;2
8329;NoPL.LRD;Pasture;Polyommatus semiargus;3
8329;NoPL.LRD;Small road;Aglais urticae;7
8329;NoPL.LRD;Small road;Aphantopus hyperantus;101
8329;NoPL.LRD;Small road;Coenonympha arcania;1
8337;NoPL.HRD;Between fields;Aglais urticae;3
8337;NoPL.HRD;Between fields;Aphantopus hyperantus;10
8337;NoPL.HRD;Between fields;Gonepteryx rhamni;1
8337;NoPL.HRD;Between fields;Pieris napi;5
8337;NoPL.HRD;Big road;Aphantopus hyperantus;3
8337;NoPL.HRD;Big road;Coenonympha arcania;1
8337;NoPL.HRD;Big road;Lasiommata maera;1
8337;NoPL.HRD;Big road;Pieris napi;4
8337;NoPL.HRD;Big road;Polyommatus amandus;1
8337;NoPL.HRD;Big road;Thymelicus lineola;2
8337;NoPL.HRD;Pasture;Aphantopus hyperantus;36
8337;NoPL.HRD;Pasture;Argynnis adippe;1
8337;NoPL.HRD;Pasture;Boloria selene;1
8337;NoPL.HRD;Pasture;Coenonympha arcania;12
8337;NoPL.HRD;Pasture;Cupido minimus;1
8337;NoPL.HRD;Pasture;Lasiommata maera;6
8337;NoPL.HRD;Pasture;Lycaena hippothoe;1
8337;NoPL.HRD;Pasture;Pieris napi;1
8337;NoPL.HRD;Pasture;Pieris rapae;2
8337;NoPL.HRD;Pasture;Polyommatus semiargus;1
8337;NoPL.HRD;Pasture;Thymelicus lineola;3
8337;NoPL.HRD;Small road;Aglais urticae;5
8337;NoPL.HRD;Small road;Aphantopus hyperantus;13
8337;NoPL.HRD;Small road;Argynnis aglaja;2
8337;NoPL.HRD;Small road;Boloria selene;2
8337;NoPL.HRD;Small road;Brenthis ino;2
8337;NoPL.HRD;Small road;Coenonympha arcania;3
8337;NoPL.HRD;Small road;Inachis io;1
8337;NoPL.HRD;Small road;Lasiommata maera;3
8337;NoPL.HRD;Small road;Lycaena phlaeas;1
8337;NoPL.HRD;Small road;Maniola jurtina;2
8337;NoPL.HRD;Small road;Ochlodes sylvanus;2
8337;NoPL.HRD;Small road;Pieris brassicae;3
8337;NoPL.HRD;Small road;Pieris napi;5
8337;NoPL.HRD;Small road;Plebejus argus;1
8337;NoPL.HRD;Small road;Polyommatus amandus;1
8337;NoPL.HRD;Small road;Polyommatus semiargus;1
8337;NoPL.HRD;Small road;Thymelicus lineola;3
8768;PL.LRD;Between fields;Aphantopus hyperantus;10
8768;PL.LRD;Between fields;Argynnis aglaja;2
8768;PL.LRD;Between fields;Argynnis paphia;1
8768;PL.LRD;Between fields;Gonepteryx rhamni;1
8768;PL.LRD;Between fields;Pieris brassicae;1
8768;PL.LRD;Between fields;Pieris napi;2
8768;PL.LRD;Between fields;Pieris rapae;1
8768;PL.LRD;Between fields;Polyommatus semiargus;1
8768;PL.LRD;Big road;Aglais urticae;4
8768;PL.LRD;Big road;Aphantopus hyperantus;27
8768;PL.LRD;Big road;Boloria selene;5
8768;PL.LRD;Big road;Gonepteryx rhamni;2
8768;PL.LRD;Big road;Lasiommata maera;2
8768;PL.LRD;Big road;Melitaea athalia;1
8768;PL.LRD;Big road;Pieris brassicae;2
8768;PL.LRD;Big road;Pieris napi;3
8768;PL.LRD;Big road;Polyommatus amandus;1
8768;PL.LRD;Pasture;Aglais urticae;1
8768;PL.LRD;Pasture;Aphantopus hyperantus;9
8768;PL.LRD;Pasture;Argynnis aglaja;3
8768;PL.LRD;Pasture;Coenonympha arcania;7
8768;PL.LRD;Pasture;Coenonympha pamphilus;1
8768;PL.LRD;Pasture;Issoria lathonia;3
8768;PL.LRD;Pasture;Lycaena phlaeas;1
8768;PL.LRD;Pasture;Melitaea athalia;4
8768;PL.LRD;Pasture;Ochlodes sylvanus;1
8768;PL.LRD;Pasture;Vanessa cardui;2
8768;PL.LRD;Powerline;Aglais urticae;1
8768;PL.LRD;Powerline;Aphantopus hyperantus;3
8768;PL.LRD;Powerline;Argynnis adippe;1
8768;PL.LRD;Powerline;Argynnis paphia;16
8768;PL.LRD;Powerline;Boloria selene;6
8768;PL.LRD;Powerline;Brenthis ino;4
8768;PL.LRD;Powerline;Coenonympha arcania;3
8768;PL.LRD;Powerline;Gonepteryx rhamni;11
8768;PL.LRD;Powerline;Inachis io;12
8768;PL.LRD;Powerline;Lasiommata maera;6
8768;PL.LRD;Powerline;Leptidea sinapis/reali;1
8768;PL.LRD;Powerline;Melitaea athalia;1
8768;PL.LRD;Powerline;Pieris brassicae;1
8768;PL.LRD;Powerline;Plebejus argus;12
8768;PL.LRD;Powerline;Plebejus idas;7
8768;PL.LRD;Powerline;Plebejus optilete;1
8768;PL.LRD;Powerline;Polyommatus amandus;2
8768;PL.LRD;Powerline;Thymelicus lineola;1
8768;PL.LRD;Powerline;Zygaena viciae;1
8768;PL.LRD;Small road;Aglais urticae;3
8768;PL.LRD;Small road;Aphantopus hyperantus;25
8768;PL.LRD;Small road;Argynnis paphia;1
8768;PL.LRD;Small road;Coenonympha arcania;1
8768;PL.LRD;Small road;Inachis io;6
8768;PL.LRD;Small road;Lasiommata maera;1
8768;PL.LRD;Small road;Ochlodes sylvanus;2
8768;PL.LRD;Small road;Pieris napi;1
8768;PL.LRD;Small road;Polyommatus semiargus;1
8768;PL.LRD;Small road;Thymelicus lineola;2
9889;PL.LRD;Between fields;Aphantopus hyperantus;2
9889;PL.LRD;Between fields;Boloria selene;1
9889;PL.LRD;Big road;Aglais urticae;4
9889;PL.LRD;Big road;Aphantopus hyperantus;10
9889;PL.LRD;Big road;Boloria selene;3
9889;PL.LRD;Big road;Brenthis ino;2
9889;PL.LRD;Big road;Coenonympha arcania;4
9889;PL.LRD;Big road;Ochlodes sylvanus;1
9889;PL.LRD;Big road;Thymelicus lineola;2
9889;PL.LRD;Pasture;Aphantopus hyperantus;14
9889;PL.LRD;Pasture;Argynnis paphia;1
9889;PL.LRD;Pasture;Boloria selene;5
9889;PL.LRD;Pasture;Brenthis ino;1
9889;PL.LRD;Pasture;Gonepteryx rhamni;1
9889;PL.LRD;Pasture;Lasiommata maera;2
9889;PL.LRD;Pasture;Melitaea athalia;1
9889;PL.LRD;Powerline;Aphantopus hyperantus;19
9889;PL.LRD;Powerline;Argynnis paphia;7
9889;PL.LRD;Powerline;Boloria euphrosyne;1
9889;PL.LRD;Powerline;Boloria selene;17
9889;PL.LRD;Powerline;Coenonympha arcania;4
9889;PL.LRD;Powerline;Erebia ligea;1
9889;PL.LRD;Powerline;Gonepteryx rhamni;3
9889;PL.LRD;Powerline;Inachis io;1
9889;PL.LRD;Powerline;Melitaea athalia;2
9889;PL.LRD;Powerline;Ochlodes sylvanus;3
9889;PL.LRD;Powerline;Pieris napi;1
9889;PL.LRD;Powerline;Plebejus argus;3
9889;PL.LRD;Powerline;Plebejus optilete;1
9889;PL.LRD;Powerline;Polyommatus amandus;1
9889;PL.LRD;Powerline;Thymelicus lineola;1
9889;PL.LRD;Small road;Aphantopus hyperantus;9
9889;PL.LRD;Small road;Argynnis paphia;1
9889;PL.LRD;Small road;Boloria selene;3
9889;PL.LRD;Small road;Coenonympha arcania;1
9889;PL.LRD;Small road;Lasiommata maera;5
9889;PL.LRD;Small road;Ochlodes sylvanus;3
9889;PL.LRD;Small road;Pieris brassicae;1
9889;PL.LRD;Small road;Polyommatus amandus;1
9931;NoPL.LRD;Between fields;Aglais urticae;4
9931;NoPL.LRD;Between fields;Aphantopus hyperantus;13
9931;NoPL.LRD;Between fields;Boloria selene;1
9931;NoPL.LRD;Between fields;Brenthis ino;3
9931;NoPL.LRD;Between fields;Leptidea sinapis/reali;1
9931;NoPL.LRD;Between fields;Lycaena hippothoe;1
9931;NoPL.LRD;Between fields;Pieris brassicae;2
9931;NoPL.LRD;Between fields;Pieris napi;1
9931;NoPL.LRD;Between fields;Pieris rapae;1
9931;NoPL.LRD;Between fields;Polyommatus amandus;1
9931;NoPL.LRD;Between fields;Thymelicus lineola;3
9931;NoPL.LRD;Big road;Aphantopus hyperantus;8
9931;NoPL.LRD;Big road;Coenonympha arcania;6
9931;NoPL.LRD;Big road;Gonepteryx rhamni;1
9931;NoPL.LRD;Big road;Lasiommata maera;2
9931;NoPL.LRD;Big road;Leptidea sinapis/reali;1
9931;NoPL.LRD;Big road;Nymphalis antiopa;2
9931;NoPL.LRD;Big road;Ochlodes sylvanus;1
9931;NoPL.LRD;Big road;Polyommatus icarus;1
9931;NoPL.LRD;Pasture;Aglais urticae;1
9931;NoPL.LRD;Pasture;Aphantopus hyperantus;8
9931;NoPL.LRD;Pasture;Argynnis paphia;3
9931;NoPL.LRD;Pasture;Coenonympha pamphilus;5
9931;NoPL.LRD;Pasture;Inachis io;1
9931;NoPL.LRD;Pasture;Lasiommata maera;6
9931;NoPL.LRD;Pasture;Lycaena phlaeas;2
9931;NoPL.LRD;Pasture;Nymphalis antiopa;1
9931;NoPL.LRD;Pasture;Pararge aegeria;1
9931;NoPL.LRD;Pasture;Plebejus argus;2
9931;NoPL.LRD;Small road;Aphantopus hyperantus;4
9931;NoPL.LRD;Small road;Argynnis adippe;3
9931;NoPL.LRD;Small road;Argynnis aglaja;1
9931;NoPL.LRD;Small road;Argynnis paphia;3
9931;NoPL.LRD;Small road;Aricia artaxerxes;1
9931;NoPL.LRD;Small road;Lasiommata maera;4
9931;NoPL.LRD;Small road;Melitaea athalia;4
9931;NoPL.LRD;Small road;Plebejus argus;3
9931;NoPL.LRD;Small road;Plebejus idas;3
9931;NoPL.LRD;Small road;Plebejus optilete;2
9931;NoPL.LRD;Small road;Thymelicus lineola;1
10099;NoPL.HRD;Big road;Aglais urticae;1
10099;NoPL.HRD;Big road;Aphantopus hyperantus;17
10099;NoPL.HRD;Big road;Argynnis paphia;4
10099;NoPL.HRD;Big road;Coenonympha arcania;1
10099;NoPL.HRD;Big road;Gonepteryx rhamni;1
10099;NoPL.HRD;Big road;Lasiommata maera;1
10099;NoPL.HRD;Big road;Pieris napi;1
10099;NoPL.HRD;Pasture;Aglais urticae;3
10099;NoPL.HRD;Pasture;Aphantopus hyperantus;10
10099;NoPL.HRD;Pasture;Argynnis aglaja;2
10099;NoPL.HRD;Pasture;Coenonympha arcania;4
10099;NoPL.HRD;Pasture;Coenonympha pamphilus;1
10099;NoPL.HRD;Pasture;Inachis io;2
10099;NoPL.HRD;Pasture;Lasiommata maera;2
10099;NoPL.HRD;Pasture;Leptidea sinapis/reali;1
10099;NoPL.HRD;Pasture;Polyommatus amandus;2
10099;NoPL.HRD;Pasture;Polyommatus icarus;1
10099;NoPL.HRD;Small road;Aglais urticae;1
10099;NoPL.HRD;Small road;Aphantopus hyperantus;6
10099;NoPL.HRD;Small road;Argynnis aglaja;1
10099;NoPL.HRD;Small road;Argynnis paphia;4
10099;NoPL.HRD;Small road;Brenthis ino;2
10099;NoPL.HRD;Small road;Carterocephalus silvicola;2
10099;NoPL.HRD;Small road;Coenonympha arcania;1
10099;NoPL.HRD;Small road;Gonepteryx rhamni;1
10099;NoPL.HRD;Small road;Lasiommata maera;4
10099;NoPL.HRD;Small road;Melitaea athalia;1
10099;NoPL.HRD;Small road;Ochlodes sylvanus;1
10099;NoPL.HRD;Small road;Pieris brassicae;1
10099;NoPL.HRD;Small road;Pieris napi;4
10156;PL.LRD;Big road;Aglais urticae;1
10156;PL.LRD;Big road;Aphantopus hyperantus;4
10156;PL.LRD;Big road;Argynnis adippe;2
10156;PL.LRD;Big road;Argynnis aglaja;7
10156;PL.LRD;Big road;Argynnis paphia;2
10156;PL.LRD;Big road;Boloria selene;9
10156;PL.LRD;Big road;Brenthis ino;8
10156;PL.LRD;Big road;Coenonympha pamphilus;1
10156;PL.LRD;Big road;Gonepteryx rhamni;7
10156;PL.LRD;Big road;Hesperia comma;1
10156;PL.LRD;Big road;Lasiommata maera;2
10156;PL.LRD;Big road;Limenitis populi;1
10156;PL.LRD;Big road;Melitaea athalia;2
10156;PL.LRD;Big road;Ochlodes sylvanus;1
10156;PL.LRD;Big road;Pieris brassicae;1
10156;PL.LRD;Big road;Plebejus argus;2
10156;PL.LRD;Big road;Polyommatus semiargus;1
10156;PL.LRD;Big road;Thymelicus lineola;1
10156;PL.LRD;Big road;Zygaena viciae;1
10156;PL.LRD;Pasture;Aphantopus hyperantus;1
10156;PL.LRD;Pasture;Gonepteryx rhamni;2
10156;PL.LRD;Pasture;Leptidea sinapis/reali;1
10156;PL.LRD;Pasture;Lycaena phlaeas;1
10156;PL.LRD;Pasture;Pieris napi;5
10156;PL.LRD;Powerline;Aphantopus hyperantus;4
10156;PL.LRD;Powerline;Argynnis aglaja;1
10156;PL.LRD;Powerline;Aricia artaxerxes;1
10156;PL.LRD;Powerline;Boloria selene;9
10156;PL.LRD;Powerline;Brenthis ino;4
10156;PL.LRD;Powerline;Coenonympha pamphilus;1
10156;PL.LRD;Powerline;Gonepteryx rhamni;1
10156;PL.LRD;Powerline;Lasiommata maera;1
10156;PL.LRD;Powerline;Melitaea athalia;1
10156;PL.LRD;Powerline;Plebejus argus;10
10156;PL.LRD;Powerline;Plebejus idas;3
10156;PL.LRD;Powerline;Thymelicus lineola;2
10156;PL.LRD;Small road;Aphantopus hyperantus;3
10156;PL.LRD;Small road;Argynnis aglaja;5
10156;PL.LRD;Small road;Argynnis paphia;1
10156;PL.LRD;Small road;Boloria euphrosyne;1
10156;PL.LRD;Small road;Boloria selene;1
10156;PL.LRD;Small road;Brenthis ino;4
10156;PL.LRD;Small road;Gonepteryx rhamni;1
10156;PL.LRD;Small road;Inachis io;1
10156;PL.LRD;Small road;Melitaea athalia;5
10156;PL.LRD;Small road;Ochlodes sylvanus;2
10156;PL.LRD;Small road;Pieris brassicae;1
10156;PL.LRD;Small road;Plebejus argus;7
10156;PL.LRD;Small road;Plebejus idas;2
10156;PL.LRD;Small road;Thymelicus lineola;1
