Landscape;Category;Transect_type;Aglais urticae;Anthocharis cardamines;Aphantopus hyperantus;Argynnis adippe;Argynnis aglaja;Argynnis niobe;Argynnis paphia;Aricia artaxerxes;Boloria euphrosyne;Boloria selene;Brenthis ino;Callophrys rubi;Carterocephalus silvicola;Celastrina argiolus;Coenonympha arcania;Coenonympha pamphilus;Cupido minimus;Erebia ligea;Erynnis tages;Glaucopsyche alexis;Gonepteryx rhamni;Hesperia comma;Inachis io;Issoria lathonia;Lasiommata maera;Lasiommata megera;Lasiommata petropolitana;Leptidea sinapis/reali;Limenitis populi;Lycaena hippothoe;Lycaena phlaeas;Maniola jurtina;Melitaea athalia;Nymphalis antiopa;Ochlodes sylvanus;Pararge aegeria;Pieris brassicae;Pieris napi;Pieris rapae;Plebejus argus;Plebejus idas;Plebejus optilete;Polygonia c-album;Polyommatus amandus;Polyommatus icarus;Polyommatus semiargus;Thecla betulae;Thymelicus lineola;Vanessa atalanta;Vanessa cardui;Zygaena filipendulae;Zygaena lonicerae;Zygaena viciae
1037;PL.LRD;Between fields;4;0;2;0;0;0;2;0;0;0;0;0;0;0;3;0;0;0;0;0;0;0;3;0;0;0;0;0;0;0;0;1;0;0;0;0;0;0;0;0;0;0;0;0;0;0;0;0;2;0;0;0;0
1037;PL.LRD;Big road;0;0;8;0;0;0;0;0;0;0;0;0;0;0;2;0;0;0;0;0;1;0;0;0;0;0;0;0;0;0;0;0;0;0;0;0;0;4;0;0;0;0;0;1;0;0;0;0;0;0;0;0;0
1037;PL.LRD;Pasture;0;1;13;0;2;0;0;0;0;3;0;0;0;1;8;3;0;0;0;0;3;0;2;0;0;0;0;2;0;0;0;0;3;0;6;0;1;5;3;2;2;0;0;2;3;1;0;1;0;0;0;2;2
1037;PL.LRD;Powerline;0;0;3;0;2;0;0;0;13;5;0;3;0;0;12;1;0;0;0;0;1;0;0;0;0;0;0;0;0;0;2;0;1;0;1;0;1;3;0;6;0;0;0;0;0;0;0;1;0;0;0;0;1
1037;PL.LRD;Small road;6;0;13;0;0;0;0;0;0;0;0;0;0;0;3;0;0;0;0;0;0;0;1;0;0;0;0;0;0;0;0;0;1;0;0;0;0;6;0;0;1;0;0;3;2;0;0;5;0;0;0;0;1
1278;PL.LRD;Between fields;0;0;33;0;0;0;0;0;0;0;2;0;0;0;1;1;0;0;0;0;0;0;1;0;0;0;0;0;0;0;0;3;0;0;0;0;0;0;0;0;0;0;0;8;0;0;0;3;0;0;0;0;1
1278;PL.LRD;Big road;1;0;5;0;0;1;0;0;0;0;0;0;0;0;2;0;0;0;0;0;0;0;0;0;1;0;0;0;0;0;0;1;0;0;0;0;0;0;0;0;0;0;0;0;0;0;0;1;0;0;0;0;0
1278;PL.LRD;Pasture;2;0;23;0;5;0;1;0;0;1;0;0;0;0;14;2;0;0;0;0;0;0;2;0;0;0;0;0;0;0;1;2;1;0;2;0;1;0;0;0;0;0;0;3;0;0;0;1;0;0;0;0;0
1278;PL.LRD;Powerline;0;0;14;0;0;0;0;0;1;1;0;0;0;1;11;0;0;0;0;0;0;0;0;0;0;0;0;0;0;0;0;0;2;0;0;0;1;5;0;3;1;0;0;2;0;0;0;1;0;0;0;0;0
1278;PL.LRD;Small road;0;1;12;0;0;0;2;0;1;1;0;0;0;0;2;18;0;0;0;0;2;0;0;0;1;0;1;0;0;0;0;0;0;0;0;0;2;0;0;1;2;0;0;0;0;1;0;2;0;0;0;0;4
1450;NoPL.HRD;Big road;1;0;6;0;2;0;0;0;0;0;0;0;0;0;7;0;0;0;0;0;0;0;2;0;0;0;0;0;0;0;0;0;0;0;0;0;0;4;0;0;0;0;1;0;0;0;0;3;0;0;0;0;0
1450;NoPL.HRD;Pasture;1;0;6;0;4;0;3;1;0;0;1;0;0;0;5;1;0;0;0;0;2;0;9;0;0;0;0;0;0;0;0;2;0;0;0;0;0;1;0;0;0;0;0;5;1;0;0;7;0;0;0;0;0
1450;NoPL.HRD;Small road;2;0;0;0;4;0;5;0;0;0;0;0;0;0;1;0;0;0;0;0;3;0;7;0;0;0;0;2;0;0;0;0;0;0;0;0;1;3;0;0;0;0;1;0;0;0;0;3;0;0;0;0;0
1605;NoPL.HRD;Big road;0;0;5;0;0;0;1;0;0;0;1;0;0;0;1;0;0;0;0;0;1;0;0;0;0;1;0;0;0;0;0;0;0;0;1;0;3;3;0;0;0;0;0;0;0;0;0;0;0;0;0;0;0
1605;NoPL.HRD;Pasture;1;0;0;0;3;0;0;0;0;1;0;0;0;0;0;2;0;0;0;0;2;0;1;0;0;0;0;0;0;0;2;1;1;0;0;0;0;2;0;0;0;0;0;0;1;0;0;0;0;0;0;0;0
1605;NoPL.HRD;Small road;0;0;2;0;0;0;0;0;0;0;0;0;0;0;0;0;0;0;0;0;0;0;0;0;0;0;0;0;0;0;0;0;0;0;0;0;0;1;0;0;0;0;0;0;0;0;0;0;0;0;0;0;0
1851;PL.HRD;Between fields;1;0;7;0;0;0;0;0;0;0;0;0;0;0;5;1;0;0;0;0;0;0;0;0;0;0;0;0;0;0;0;1;0;0;0;0;0;1;0;0;0;0;0;0;0;0;0;8;0;0;0;0;0
1851;PL.HRD;Big road;0;0;14;0;0;0;0;0;0;0;0;0;0;0;2;0;0;0;0;0;1;0;1;0;0;0;0;0;0;0;0;0;0;0;1;0;0;2;0;0;0;0;0;0;0;0;0;5;0;0;0;0;0
1851;PL.HRD;Pasture;0;0;12;0;0;0;0;0;0;3;0;0;0;0;11;11;0;0;0;0;1;0;0;0;0;0;0;1;0;0;0;3;0;0;3;0;1;2;0;0;0;0;0;0;0;1;0;2;0;0;0;0;0
1851;PL.HRD;Powerline;0;0;3;0;0;0;0;0;3;4;0;0;0;0;6;8;0;0;0;0;0;0;0;0;0;0;0;0;0;0;2;0;0;0;0;0;0;0;0;4;2;0;0;0;0;0;0;0;0;0;0;0;0
1851;PL.HRD;Small road;0;0;6;0;0;0;0;0;0;0;0;0;0;0;0;0;0;0;0;0;0;0;0;0;0;0;0;0;0;0;0;0;0;0;1;0;0;3;0;0;1;0;0;0;0;0;0;9;0;0;0;0;0
2014;PL.HRD;Big road;0;0;12;0;0;0;0;0;0;0;0;0;0;0;1;0;0;0;0;0;1;0;1;0;0;0;0;0;0;0;0;0;0;0;3;0;0;1;0;0;0;0;0;0;0;0;0;8;0;0;0;0;0
2014;PL.HRD;Pasture;0;0;6;0;0;0;0;0;0;0;1;0;0;0;4;1;0;0;0;0;0;0;0;0;0;0;0;0;0;0;0;0;0;0;1;0;0;1;0;0;0;0;0;0;0;0;0;4;0;0;0;0;0
2014;PL.HRD;Powerline;0;0;3;0;1;0;0;0;0;0;0;0;0;0;1;0;0;0;0;0;6;0;2;0;0;0;0;0;0;0;0;0;0;0;0;0;0;0;0;0;0;0;0;0;0;0;0;0;0;0;1;0;0
2014;PL.HRD;Small road;0;0;2;0;0;0;0;0;0;0;0;0;0;0;0;0;0;0;0;0;0;0;1;0;1;0;0;0;0;0;0;0;0;0;0;0;0;2;0;0;0;0;0;0;0;0;0;1;0;0;0;0;0
2156;NoPL.HRD;Big road;0;0;3;0;1;0;0;0;0;0;0;0;0;0;2;0;0;0;0;0;0;0;0;0;0;0;0;0;0;0;0;1;0;0;0;0;0;0;0;0;0;0;0;1;0;0;0;1;0;0;0;0;0
2156;NoPL.HRD;Pasture;0;0;7;0;5;0;0;0;0;0;0;0;0;0;12;2;0;0;0;0;0;0;0;0;0;0;0;1;0;0;2;0;0;0;2;0;0;0;0;0;2;0;0;2;0;0;0;1;0;1;0;0;0
2156;NoPL.HRD;Small road;0;0;0;0;0;0;0;0;0;0;0;0;0;0;0;0;0;0;0;0;0;0;0;0;0;0;0;0;0;0;0;0;1;0;0;0;0;0;0;2;0;0;0;1;0;0;0;0;0;0;0;0;0
2333;PL.LRD;Big road;0;0;1;0;0;0;0;0;0;0;0;0;0;0;0;0;0;0;0;0;0;0;0;0;0;0;0;0;0;0;0;0;0;0;0;0;0;0;0;0;0;0;0;0;0;0;0;1;0;0;0;0;0
2333;PL.LRD;Pasture;0;0;15;0;1;0;4;0;0;1;0;0;0;0;0;1;0;0;0;0;1;0;2;0;1;0;0;0;0;0;0;22;0;0;0;0;0;0;0;0;0;0;0;0;0;0;0;0;0;0;1;0;0
2333;PL.LRD;Powerline;0;0;32;0;2;0;3;0;0;2;0;0;0;1;5;0;0;0;0;0;3;0;2;0;0;0;0;0;0;0;0;0;0;0;0;0;0;0;0;0;0;0;0;0;0;0;0;4;0;0;0;0;0
2333;PL.LRD;Small road;0;0;4;0;0;0;2;0;0;0;0;0;0;0;0;0;0;0;0;0;0;0;4;0;0;0;0;0;0;0;0;1;0;0;0;0;0;0;0;0;0;0;1;0;0;0;0;0;0;0;0;0;0
2844;PL.HRD;Between fields;1;0;27;0;0;0;0;0;0;3;0;0;0;0;0;0;0;0;0;0;0;0;2;0;0;0;0;0;0;0;0;1;0;0;0;0;0;0;0;0;0;0;0;0;0;0;0;0;0;0;0;0;0
2844;PL.HRD;Big road;0;0;10;0;1;0;0;0;0;0;0;0;0;0;2;0;0;0;0;0;0;0;0;0;0;0;0;0;0;0;0;0;0;0;0;0;0;0;0;0;0;0;0;0;1;0;0;0;0;0;0;1;0
2844;PL.HRD;Pasture;1;0;13;0;7;0;0;0;1;2;0;2;0;0;4;2;0;0;0;0;3;0;3;0;0;0;0;0;0;3;2;8;0;0;1;0;1;0;0;1;0;0;0;0;1;2;0;1;0;0;0;0;0
2844;PL.HRD;Powerline;1;0;22;1;3;0;0;0;0;1;0;0;0;0;5;2;0;0;0;0;3;0;1;0;1;0;0;0;0;0;0;0;1;0;0;0;0;1;0;0;0;0;0;0;0;0;0;4;0;0;0;0;0
2844;PL.HRD;Small road;0;0;1;0;0;0;0;0;0;0;1;0;0;0;2;0;0;0;0;0;2;0;0;0;6;0;0;1;0;0;0;0;0;0;2;0;0;4;0;0;0;1;0;0;0;0;0;0;0;0;0;0;0
3897;PL.HRD;Big road;0;0;2;0;0;0;0;0;0;0;0;0;0;0;0;0;0;0;0;0;0;0;0;0;1;0;0;0;0;0;0;0;0;0;0;0;0;0;0;0;0;0;0;0;0;0;0;0;0;0;0;0;0
3897;PL.HRD;Pasture;0;0;2;0;0;0;0;0;0;0;0;0;0;0;0;0;0;0;0;0;0;0;0;0;0;0;0;0;0;0;0;1;0;0;0;0;0;1;0;0;0;0;0;2;0;0;0;0;0;0;0;0;0
3897;PL.HRD;Powerline;0;0;9;0;0;0;0;0;0;0;0;0;0;0;0;2;0;0;0;0;0;0;0;0;0;0;0;0;0;0;0;0;0;0;2;0;0;2;0;2;0;0;0;1;0;0;0;1;0;0;0;0;0
3897;PL.HRD;Small road;0;0;23;0;0;0;0;0;0;0;0;0;0;0;1;0;0;0;0;0;0;1;0;0;0;0;0;0;0;0;0;0;0;0;2;0;0;2;0;0;1;0;0;0;0;0;0;0;0;0;0;0;0
4091;PL.HRD;Between fields;2;0;14;1;1;0;0;0;0;3;0;0;0;0;5;0;0;0;0;0;5;0;17;0;0;0;0;2;0;0;0;0;0;0;0;0;0;7;0;0;0;0;0;0;0;1;0;0;0;0;0;0;0
4091;PL.HRD;Big road;0;0;23;1;0;0;0;0;0;0;0;0;0;0;5;0;0;0;0;0;1;0;1;0;0;0;0;0;0;0;0;0;0;0;0;0;2;2;0;0;0;0;0;0;0;0;0;0;0;0;0;0;0
4091;PL.HRD;Pasture;0;0;11;0;0;0;0;0;0;0;0;0;0;0;16;2;0;0;0;0;2;2;2;0;0;0;0;0;0;0;2;2;1;0;0;0;0;0;0;0;0;0;0;0;0;0;0;2;0;0;0;0;0
4091;PL.HRD;Powerline;0;0;29;0;4;0;12;0;0;5;8;0;0;0;5;2;0;0;0;0;19;0;17;0;0;0;0;0;0;0;0;0;0;0;0;0;1;1;0;0;0;0;0;3;0;1;0;11;0;0;0;0;0
4091;PL.HRD;Small road;0;0;5;1;2;0;0;0;0;0;1;0;0;0;0;0;0;0;0;0;0;0;3;1;1;0;0;0;0;0;0;0;0;0;0;0;0;1;0;0;0;0;0;0;0;0;0;1;0;0;0;0;0
4319;NoPL.HRD;Between fields;0;0;12;0;0;0;0;0;0;0;0;0;0;0;5;0;0;0;0;0;4;0;6;0;0;0;0;0;0;0;0;0;0;0;0;0;3;4;0;0;0;0;0;0;0;0;0;1;0;0;0;0;0
4319;NoPL.HRD;Big road;0;0;10;0;0;0;0;0;0;1;0;0;0;0;4;0;0;0;0;0;0;0;1;0;0;0;0;1;0;0;0;0;0;0;1;0;0;7;0;0;0;0;0;1;0;0;0;6;0;0;0;0;0
4319;NoPL.HRD;Pasture;0;0;5;0;5;0;0;0;0;1;0;0;0;0;2;0;0;0;0;0;2;0;0;0;0;0;0;0;0;0;0;0;1;0;0;0;2;2;0;0;0;0;0;0;0;0;0;0;0;0;0;1;0
4319;NoPL.HRD;Small road;3;0;12;0;1;0;3;0;0;0;0;0;0;0;0;0;0;0;0;0;0;0;1;0;0;0;0;0;0;0;0;0;0;1;1;0;0;12;0;0;0;0;0;0;0;0;0;4;0;1;0;0;0
5041;NoPL.HRD;Between fields;0;0;12;0;0;0;1;0;0;0;1;0;0;0;8;0;0;0;0;0;0;0;1;0;0;0;0;0;0;0;0;0;0;0;0;0;4;8;0;0;1;0;0;2;0;1;0;4;0;0;0;0;0
5041;NoPL.HRD;Big road;1;0;5;0;0;0;0;0;0;0;0;0;0;0;2;0;0;0;0;0;0;0;2;0;0;0;0;0;0;0;0;0;0;0;0;0;0;0;0;0;0;0;0;0;0;2;0;1;0;0;0;0;0
5041;NoPL.HRD;Pasture;0;2;16;0;0;0;0;0;0;0;0;0;0;0;6;0;0;0;0;0;0;0;1;0;0;0;0;0;0;0;0;0;0;1;1;0;1;0;0;0;0;0;0;1;1;2;0;3;0;0;0;0;0
5041;NoPL.HRD;Small road;1;0;8;0;1;0;0;0;0;0;0;0;0;0;1;0;0;0;0;0;0;0;0;0;0;0;0;0;0;0;0;0;0;0;0;0;0;1;0;0;0;0;0;0;0;0;0;0;0;0;0;0;0
5166;NoPL.LRD;Between fields;8;0;18;0;1;0;0;1;0;0;0;0;0;0;5;0;0;0;0;0;8;0;10;0;0;0;0;0;0;0;0;0;0;0;0;0;0;16;0;0;0;0;0;0;0;5;0;3;0;0;0;0;0
5166;NoPL.LRD;Big road;0;0;9;0;2;0;0;0;0;0;0;0;0;0;6;0;0;0;0;0;0;0;1;0;0;0;0;0;0;0;0;0;0;0;0;0;0;3;0;0;0;0;0;2;0;2;0;1;0;0;0;0;0
5166;NoPL.LRD;Pasture;1;0;7;0;0;0;0;0;0;0;0;0;0;0;2;2;0;0;0;0;0;0;0;0;0;0;0;0;0;0;1;0;0;0;0;0;0;0;0;0;0;0;0;1;2;0;0;0;0;0;0;0;0
5166;NoPL.LRD;Small road;1;0;2;0;0;0;0;0;0;0;0;0;0;0;2;0;0;0;0;0;1;0;4;0;0;0;0;0;0;0;0;0;0;0;0;0;1;7;0;0;1;0;0;2;0;0;0;3;0;0;0;0;0
5561;PL.LRD;Big road;1;0;9;0;0;0;0;0;0;0;0;0;0;0;8;0;0;0;0;0;0;0;0;0;0;0;0;0;0;0;2;0;0;0;0;0;0;3;0;0;0;0;0;0;0;0;0;7;0;0;0;0;0
5561;PL.LRD;Pasture;0;0;4;0;0;0;0;0;0;0;0;0;0;0;7;0;0;0;0;0;1;0;0;0;0;0;0;0;0;0;1;0;0;0;0;0;1;1;1;1;0;0;0;1;0;0;0;2;0;0;0;0;0
5561;PL.LRD;Powerline;1;0;3;5;0;0;0;0;0;2;3;0;0;0;20;0;0;0;0;0;0;0;1;0;0;0;0;3;0;0;0;0;1;0;2;0;0;7;0;4;4;1;0;0;2;0;0;9;0;0;0;0;0
5561;PL.LRD;Small road;5;0;10;0;0;0;0;0;0;0;1;0;0;0;5;0;0;0;0;0;2;0;0;0;0;0;0;0;0;0;2;0;0;0;0;0;3;7;1;0;0;0;0;0;0;0;0;9;0;0;0;0;0
5683;NoPL.LRD;Big road;0;0;0;0;0;0;0;0;0;0;0;0;0;0;0;0;0;0;0;0;0;0;1;0;0;0;0;0;0;0;0;0;0;0;0;0;0;2;0;0;0;0;0;0;0;0;0;4;0;0;0;0;0
5683;NoPL.LRD;Pasture;0;0;8;0;0;0;0;0;0;0;0;0;0;0;11;0;0;0;0;0;1;0;0;0;0;0;0;1;0;0;0;0;0;0;0;0;0;0;1;0;0;0;0;1;0;0;0;8;0;1;0;0;0
5683;NoPL.LRD;Small road;7;0;2;0;2;0;0;0;0;0;0;0;0;0;0;0;0;0;0;0;0;0;0;0;0;0;0;0;0;0;0;0;0;0;0;0;3;4;0;0;0;0;0;0;0;1;0;15;0;0;1;0;0
5798;PL.HRD;Between fields;3;0;25;0;0;0;0;0;0;0;0;0;0;0;3;0;0;0;0;0;0;0;2;0;0;0;0;0;0;0;0;0;0;0;0;0;0;2;0;0;0;0;0;0;0;0;0;0;0;0;0;0;0
5798;PL.HRD;Big road;0;0;5;0;0;0;0;0;0;0;0;0;0;0;1;0;0;0;0;0;0;0;0;0;0;0;0;0;0;0;0;0;0;0;0;0;0;1;0;0;0;0;0;0;0;0;0;0;0;0;0;0;0
5798;PL.HRD;Pasture;0;0;4;0;0;0;0;0;0;0;0;0;0;0;3;0;0;0;0;0;0;0;0;0;0;0;0;0;0;0;0;0;0;0;0;0;0;2;0;0;0;0;0;0;0;0;0;1;0;0;0;0;0
5798;PL.HRD;Powerline;2;0;37;0;0;0;1;0;0;0;3;0;0;0;4;1;0;0;0;0;0;0;2;0;0;0;0;0;0;0;0;0;0;0;0;0;0;1;0;1;1;0;0;3;6;1;2;18;0;0;0;0;0
5798;PL.HRD;Small road;5;0;8;0;0;0;0;0;0;0;0;0;0;0;5;0;0;0;0;0;0;0;1;0;0;0;0;0;0;0;0;0;0;0;0;0;0;3;3;2;0;0;0;2;0;1;0;9;0;0;0;0;0
5834;PL.LRD;Between fields;0;0;7;0;0;0;0;0;0;0;0;0;0;0;0;1;0;0;0;0;0;0;6;0;0;0;0;0;0;0;0;0;0;0;0;0;0;2;0;0;0;0;0;0;0;0;0;3;0;0;0;0;0
5834;PL.LRD;Big road;2;0;8;0;0;0;0;0;0;1;0;0;0;0;1;1;0;0;0;0;1;0;0;0;0;0;0;0;0;0;0;0;0;0;2;0;0;0;0;0;0;0;0;0;0;0;0;1;0;0;0;0;0
5834;PL.LRD;Pasture;1;0;8;0;0;0;0;1;0;0;3;0;0;0;2;2;0;0;0;0;0;0;0;0;0;0;0;0;0;0;0;0;0;0;1;0;0;0;0;0;0;0;0;1;0;0;0;0;0;0;0;0;0
5834;PL.LRD;Powerline;1;0;2;1;0;0;0;0;0;0;2;0;0;0;2;4;0;0;0;0;0;1;9;1;0;0;0;0;0;0;0;0;0;0;0;0;0;3;0;1;0;0;0;0;0;0;0;0;0;0;0;0;0
5834;PL.LRD;Small road;0;1;17;0;1;0;0;3;0;0;4;0;0;0;3;4;0;0;0;0;4;0;1;0;0;0;0;2;0;0;0;0;0;0;3;0;1;0;0;0;0;0;0;2;0;0;0;3;0;0;0;0;0
5847;NoPL.LRD;Big road;11;0;14;0;0;0;1;0;0;0;3;0;1;0;0;1;0;0;0;0;1;0;2;0;7;0;0;0;0;0;0;0;0;0;1;0;0;1;0;0;0;0;0;0;2;0;0;2;0;0;0;0;0
5847;NoPL.LRD;Pasture;0;0;8;0;0;0;11;0;0;0;0;0;0;0;4;5;0;0;0;0;3;1;3;0;4;0;0;0;0;0;0;4;0;0;3;0;1;0;0;0;0;0;2;0;0;0;0;0;0;0;0;1;1
5847;NoPL.LRD;Small road;0;0;13;0;0;0;6;0;0;0;0;0;0;0;0;0;0;0;1;0;2;0;0;0;10;0;0;0;0;0;0;0;1;0;0;0;1;2;0;0;0;0;2;0;0;0;0;1;0;0;0;0;0
6437;NoPL.LRD;Between fields;1;0;10;0;0;0;0;0;0;0;1;0;0;0;2;0;0;0;0;0;0;0;0;0;0;0;0;0;0;0;0;0;0;0;0;0;0;1;1;0;0;0;0;0;0;0;0;2;0;0;0;0;0
6437;NoPL.LRD;Big road;0;0;3;0;0;0;0;0;0;0;0;0;0;0;0;0;0;0;0;0;0;0;0;0;0;0;0;0;0;0;0;0;0;0;0;0;0;0;0;0;0;0;0;1;1;0;0;0;0;0;0;0;0
6437;NoPL.LRD;Pasture;1;0;5;0;0;0;0;0;0;0;0;0;0;0;4;1;0;0;0;1;2;0;2;0;0;0;0;0;0;1;0;0;3;0;0;0;2;5;1;0;0;0;0;1;2;0;0;3;0;0;0;0;0
6437;NoPL.LRD;Small road;0;0;0;0;0;0;0;0;0;0;0;0;0;0;0;0;0;0;0;0;0;0;0;0;0;0;0;0;0;0;0;0;0;0;0;0;0;11;0;0;0;0;0;0;0;0;0;0;0;0;0;0;0
6836;NoPL.HRD;Between fields;0;0;12;0;0;0;0;0;0;0;0;0;0;0;0;0;0;0;0;0;0;0;2;0;0;0;0;0;0;0;0;0;0;0;1;0;0;4;0;0;0;0;0;0;0;0;0;1;0;0;0;0;0
6836;NoPL.HRD;Big road;0;0;8;0;0;0;0;0;0;0;0;0;0;0;0;0;0;0;0;0;0;0;0;0;0;0;0;0;0;0;0;0;0;0;0;0;0;0;0;0;0;0;0;0;0;0;0;0;0;0;0;0;0
6836;NoPL.HRD;Pasture;0;0;12;0;0;0;0;0;0;0;0;0;0;0;3;2;0;0;0;0;0;0;2;0;2;0;0;0;0;0;0;0;0;0;3;0;0;0;0;0;0;0;0;0;2;0;0;1;0;0;0;0;0
6836;NoPL.HRD;Small road;0;0;1;0;0;0;0;0;0;0;0;1;0;0;2;0;0;0;0;0;0;0;0;0;1;0;0;2;0;0;1;0;0;0;0;0;0;0;0;0;0;0;0;0;0;0;0;0;0;0;0;0;0
7073;NoPL.LRD;Between fields;2;0;23;0;0;0;0;0;0;0;0;0;0;0;1;0;0;0;0;0;0;0;1;0;0;0;0;0;0;0;0;0;0;0;0;0;0;3;0;0;0;0;0;1;2;0;0;0;0;0;0;0;0
7073;NoPL.LRD;Big road;0;0;7;0;0;0;0;0;0;0;0;0;0;0;1;0;0;0;0;0;0;0;1;0;0;0;0;0;0;0;0;0;0;0;0;0;0;0;0;0;0;0;0;0;0;0;0;2;0;0;0;0;0
7073;NoPL.LRD;Pasture;0;0;36;0;0;0;0;0;0;0;1;0;0;0;11;0;0;0;0;0;0;0;1;0;1;0;0;0;0;0;0;0;0;0;0;0;0;2;0;3;0;0;0;0;0;0;0;8;0;0;0;0;3
7073;NoPL.LRD;Small road;0;0;31;0;4;0;2;0;0;1;0;0;0;0;9;0;0;0;0;1;5;0;3;1;4;0;0;0;0;0;0;0;0;0;0;0;1;8;0;0;0;0;1;2;0;0;1;3;0;0;0;0;3
7080;PL.HRD;Between fields;0;0;4;0;0;0;0;0;0;0;0;0;0;0;2;0;0;0;0;0;0;0;0;0;0;0;0;0;0;0;0;0;0;0;0;0;0;3;0;0;0;0;0;0;0;0;0;0;0;0;0;0;0
7080;PL.HRD;Big road;0;0;3;0;0;0;0;0;0;0;0;0;0;0;3;0;0;0;0;0;0;0;0;0;0;0;0;0;0;0;0;0;0;0;0;0;0;0;0;0;0;0;0;0;0;0;0;0;0;0;0;0;0
7080;PL.HRD;Pasture;1;0;7;0;0;0;1;0;0;0;0;0;0;0;4;0;0;0;0;0;0;0;0;0;0;0;0;0;0;0;0;0;0;0;2;0;0;3;1;0;0;0;0;0;0;0;0;0;0;0;0;0;0
7080;PL.HRD;Powerline;0;0;15;2;0;0;0;1;0;4;2;0;0;0;16;0;0;0;0;0;0;0;0;0;0;0;0;1;0;0;0;0;0;0;0;0;0;0;0;0;0;0;0;0;2;4;0;2;0;0;0;0;4
7080;PL.HRD;Small road;0;0;3;1;0;0;0;0;0;1;0;0;0;0;0;0;0;0;0;0;0;0;0;0;4;0;0;0;0;0;0;0;0;0;1;0;0;0;1;0;0;0;0;0;2;0;0;0;0;0;0;0;0
7103;PL.HRD;Between fields;5;0;8;0;0;0;0;0;0;0;0;0;0;0;1;0;0;0;0;0;1;0;0;0;0;0;0;0;0;0;0;0;0;0;0;0;14;9;1;0;0;0;0;0;0;0;0;7;0;0;0;0;0
7103;PL.HRD;Big road;2;0;9;0;0;0;0;0;0;0;0;0;0;0;0;0;0;0;0;0;0;0;0;0;0;0;0;0;0;0;0;0;0;0;0;0;0;2;0;0;0;0;0;0;0;0;0;1;0;1;0;0;0
7103;PL.HRD;Pasture;2;0;8;0;0;0;0;0;0;0;0;1;0;0;0;0;0;0;0;0;0;0;1;0;0;0;0;0;0;0;0;0;0;0;0;0;1;0;0;0;0;0;0;0;0;1;0;0;0;0;0;0;0
7103;PL.HRD;Powerline;5;0;17;0;1;0;4;2;0;2;3;0;0;0;10;0;0;0;0;0;7;0;1;0;1;0;0;0;0;0;3;0;3;0;1;0;0;0;0;10;10;3;0;1;0;0;0;3;0;0;0;0;0
7103;PL.HRD;Small road;0;0;5;0;1;0;1;0;0;0;0;0;0;0;0;0;0;0;0;0;0;0;0;0;0;0;0;0;0;0;0;0;0;0;0;0;0;1;0;0;0;0;0;0;0;0;0;0;0;0;0;0;0
7411;NoPL.LRD;Between fields;0;0;12;0;0;0;0;0;0;0;1;0;0;0;0;0;0;0;0;0;1;0;2;0;0;0;0;0;0;0;0;0;0;0;0;0;0;4;0;0;0;0;0;0;0;0;0;2;0;0;0;0;0
7411;NoPL.LRD;Big road;0;0;7;0;0;0;1;0;0;0;0;0;0;0;4;0;0;0;0;0;0;0;0;0;0;0;0;0;0;0;0;0;0;0;0;0;0;0;0;0;0;0;0;0;0;1;0;0;0;0;0;0;0
7411;NoPL.LRD;Pasture;0;0;10;0;0;0;1;1;0;0;1;0;0;0;7;0;0;0;0;1;0;0;1;0;1;0;0;0;0;0;0;0;1;0;1;0;0;0;0;0;0;0;0;5;0;0;0;3;0;0;0;0;3
7411;NoPL.LRD;Small road;0;0;0;0;0;0;0;0;0;0;0;0;0;0;0;0;0;0;0;0;0;0;0;0;1;0;0;0;0;0;0;0;0;0;0;0;0;0;0;0;0;0;0;0;0;0;0;0;0;0;0;0;0
8329;NoPL.LRD;Between fields;2;0;16;0;1;0;0;0;0;0;0;0;0;0;1;1;0;0;0;0;0;0;3;0;0;0;0;1;0;0;0;0;0;0;0;0;0;2;1;0;0;0;0;0;0;0;0;2;0;0;0;0;0
8329;NoPL.LRD;Big road;1;0;10;0;0;0;0;0;0;0;0;0;0;0;1;0;0;0;0;0;0;0;0;0;3;0;0;0;0;0;0;0;0;0;0;0;0;3;0;0;0;0;1;0;0;0;0;3;0;0;0;0;0
8329;NoPL.LRD;Pasture;0;0;44;0;0;0;0;0;0;0;1;0;0;0;8;0;0;0;0;0;0;0;0;0;2;0;0;0;0;0;0;0;0;0;0;0;0;0;0;0;0;0;0;0;2;3;0;0;0;0;0;0;0
8329;NoPL.LRD;Small road;7;0;101;0;0;0;0;0;0;0;0;0;0;0;1;0;0;0;0;0;0;0;0;0;0;0;0;0;0;0;0;0;0;0;0;0;0;0;0;0;0;0;0;0;0;0;0;0;0;0;0;0;0
8337;NoPL.HRD;Between fields;3;0;10;0;0;0;0;0;0;0;0;0;0;0;0;0;0;0;0;0;1;0;0;0;0;0;0;0;0;0;0;0;0;0;0;0;0;5;0;0;0;0;0;0;0;0;0;0;0;0;0;0;0
8337;NoPL.HRD;Big road;0;0;3;0;0;0;0;0;0;0;0;0;0;0;1;0;0;0;0;0;0;0;0;0;1;0;0;0;0;0;0;0;0;0;0;0;0;4;0;0;0;0;0;1;0;0;0;2;0;0;0;0;0
8337;NoPL.HRD;Pasture;0;0;36;1;0;0;0;0;0;1;0;0;0;0;12;0;1;0;0;0;0;0;0;0;6;0;0;0;0;1;0;0;0;0;0;0;0;1;2;0;0;0;0;0;0;1;0;3;0;0;0;0;0
8337;NoPL.HRD;Small road;5;0;13;0;2;0;0;0;0;2;2;0;0;0;3;0;0;0;0;0;0;0;1;0;3;0;0;0;0;0;1;2;0;0;2;0;3;5;0;1;0;0;0;1;0;1;0;3;0;0;0;0;0
8768;PL.LRD;Between fields;0;0;10;0;2;0;1;0;0;0;0;0;0;0;0;0;0;0;0;0;1;0;0;0;0;0;0;0;0;0;0;0;0;0;0;0;1;2;1;0;0;0;0;0;0;1;0;0;0;0;0;0;0
8768;PL.LRD;Big road;4;0;27;0;0;0;0;0;0;5;0;0;0;0;0;0;0;0;0;0;2;0;0;0;2;0;0;0;0;0;0;0;1;0;0;0;2;3;0;0;0;0;0;1;0;0;0;0;0;0;0;0;0
8768;PL.LRD;Pasture;1;0;9;0;3;0;0;0;0;0;0;0;0;0;7;1;0;0;0;0;0;0;0;3;0;0;0;0;0;0;1;0;4;0;1;0;0;0;0;0;0;0;0;0;0;0;0;0;0;2;0;0;0
8768;PL.LRD;Powerline;1;0;3;1;0;0;16;0;0;6;4;0;0;0;3;0;0;0;0;0;11;0;12;0;6;0;0;1;0;0;0;0;1;0;0;0;1;0;0;12;7;1;0;2;0;0;0;1;0;0;0;0;1
8768;PL.LRD;Small road;3;0;25;0;0;0;1;0;0;0;0;0;0;0;1;0;0;0;0;0;0;0;6;0;1;0;0;0;0;0;0;0;0;0;2;0;0;1;0;0;0;0;0;0;0;1;0;2;0;0;0;0;0
9889;PL.LRD;Between fields;0;0;2;0;0;0;0;0;0;1;0;0;0;0;0;0;0;0;0;0;0;0;0;0;0;0;0;0;0;0;0;0;0;0;0;0;0;0;0;0;0;0;0;0;0;0;0;0;0;0;0;0;0
9889;PL.LRD;Big road;4;0;10;0;0;0;0;0;0;3;2;0;0;0;4;0;0;0;0;0;0;0;0;0;0;0;0;0;0;0;0;0;0;0;1;0;0;0;0;0;0;0;0;0;0;0;0;2;0;0;0;0;0
9889;PL.LRD;Pasture;0;0;14;0;0;0;1;0;0;5;1;0;0;0;0;0;0;0;0;0;1;0;0;0;2;0;0;0;0;0;0;0;1;0;0;0;0;0;0;0;0;0;0;0;0;0;0;0;0;0;0;0;0
9889;PL.LRD;Powerline;0;0;19;0;0;0;7;0;1;17;0;0;0;0;4;0;0;1;0;0;3;0;1;0;0;0;0;0;0;0;0;0;2;0;3;0;0;1;0;3;0;1;0;1;0;0;0;1;0;0;0;0;0
9889;PL.LRD;Small road;0;0;9;0;0;0;1;0;0;3;0;0;0;0;1;0;0;0;0;0;0;0;0;0;5;0;0;0;0;0;0;0;0;0;3;0;1;0;0;0;0;0;0;1;0;0;0;0;0;0;0;0;0
9931;NoPL.LRD;Between fields;4;0;13;0;0;0;0;0;0;1;3;0;0;0;0;0;0;0;0;0;0;0;0;0;0;0;0;1;0;1;0;0;0;0;0;0;2;1;1;0;0;0;0;1;0;0;0;3;0;0;0;0;0
9931;NoPL.LRD;Big road;0;0;8;0;0;0;0;0;0;0;0;0;0;0;6;0;0;0;0;0;1;0;0;0;2;0;0;1;0;0;0;0;0;2;1;0;0;0;0;0;0;0;0;0;1;0;0;0;0;0;0;0;0
9931;NoPL.LRD;Pasture;1;0;8;0;0;0;3;0;0;0;0;0;0;0;0;5;0;0;0;0;0;0;1;0;6;0;0;0;0;0;2;0;0;1;0;1;0;0;0;2;0;0;0;0;0;0;0;0;0;0;0;0;0
9931;NoPL.LRD;Small road;0;0;4;3;1;0;3;1;0;0;0;0;0;0;0;0;0;0;0;0;0;0;0;0;4;0;0;0;0;0;0;0;4;0;0;0;0;0;0;3;3;2;0;0;0;0;0;1;0;0;0;0;0
10099;NoPL.HRD;Big road;1;0;17;0;0;0;4;0;0;0;0;0;0;0;1;0;0;0;0;0;1;0;0;0;1;0;0;0;0;0;0;0;0;0;0;0;0;1;0;0;0;0;0;0;0;0;0;0;0;0;0;0;0
10099;NoPL.HRD;Pasture;3;0;10;0;2;0;0;0;0;0;0;0;0;0;4;1;0;0;0;0;0;0;2;0;2;0;0;1;0;0;0;0;0;0;0;0;0;0;0;0;0;0;0;2;1;0;0;0;0;0;0;0;0
10099;NoPL.HRD;Small road;1;0;6;0;1;0;4;0;0;0;2;0;2;0;1;0;0;0;0;0;1;0;0;0;4;0;0;0;0;0;0;0;1;0;1;0;1;4;0;0;0;0;0;0;0;0;0;0;0;0;0;0;0
10156;PL.LRD;Big road;1;0;4;2;7;0;2;0;0;9;8;0;0;0;0;1;0;0;0;0;7;1;0;0;2;0;0;0;1;0;0;0;2;0;1;0;1;0;0;2;0;0;0;0;0;1;0;1;0;0;0;0;1
10156;PL.LRD;Pasture;0;0;1;0;0;0;0;0;0;0;0;0;0;0;0;0;0;0;0;0;2;0;0;0;0;0;0;1;0;0;1;0;0;0;0;0;0;5;0;0;0;0;0;0;0;0;0;0;0;0;0;0;0
10156;PL.LRD;Powerline;0;0;4;0;1;0;0;1;0;9;4;0;0;0;0;1;0;0;0;0;1;0;0;0;1;0;0;0;0;0;0;0;1;0;0;0;0;0;0;10;3;0;0;0;0;0;0;2;0;0;0;0;0
10156;PL.LRD;Small road;0;0;3;0;5;0;1;0;1;1;4;0;0;0;0;0;0;0;0;0;1;0;1;0;0;0;0;0;0;0;0;0;5;0;2;0;1;0;0;7;2;0;0;0;0;0;0;1;0;0;0;0;0
